run_id,model,augment,seed,split,auc,eer,tpr_at_1pct_fpr,tpr_at_01pct_fpr
probe_phase,probe_phase,none,0,train,0.7949324133189238,0.27827510991777027,0.2536303224218558,0.081959143490032
probe_phase,probe_phase,none,0,val,0.798837547224644,0.30809357744841614,0.37849462365591396,0.37849462365591396
probe_phase,probe_phase,none,0,ood,0.41,0.5466666666666666,0.0,0.0
probe_rolloff,probe_rolloff,none,0,train,0.6342437322276633,0.40583377687224165,0.030273197144966773,0.0
probe_rolloff,probe_rolloff,none,0,val,0.6362975879104912,0.38166230746875907,0.008602150537634409,0.008602150537634409
probe_rolloff,probe_rolloff,none,0,ood,0.6486666666666667,0.355,0.0,0.0
probe_bicoherence,probe_bicoherence,none,0,train,0.8933189527028367,0.18753885094534145,0.075806054639429,0.034211174009352696
probe_bicoherence,probe_bicoherence,none,0,val,0.8159546643417611,0.2393635571054926,0.08279569892473118,0.08279569892473118
probe_bicoherence,probe_bicoherence,none,0,ood,0.9556666666666667,0.12666666666666665,0.35,0.35
probe_chroma_ssm,probe_chroma_ssm,none,0,train,0.6459923481880729,0.407058088401959,0.05414718188530642,0.0
probe_chroma_ssm,probe_chroma_ssm,none,0,val,0.6493315896541703,0.40485324033711134,0.0064516129032258064,0.0064516129032258064
probe_chroma_ssm,probe_chroma_ssm,none,0,ood,0.652,0.38166666666666665,0.2,0.2
probe_denoiser,probe_denoiser,none,0,train,0.7486768606742489,0.3137501445930836,0.0825744523750923,0.010214127492000985
probe_denoiser,probe_denoiser,none,0,val,0.6989973844812554,0.34986922406277243,0.2064516129032258,0.2064516129032258
probe_denoiser,probe_denoiser,none,0,ood,0.782,0.31666666666666665,0.3333333333333333,0.3333333333333333
probe_stereo,probe_stereo,none,0,train,0.726920421372173,0.3267379367927326,0.030642382476002955,0.0
probe_stereo,probe_stereo,none,0,val,0.6910491136297587,0.35040685847137465,0.021505376344086023,0.021505376344086023
probe_stereo,probe_stereo,none,0,ood,0.765,0.30833333333333335,0.15,0.15
probe_mel_stats,probe_mel_stats,none,0,train,0.8984354758094419,0.17718427447064516,0.3743539256706867,0.24009352695052916
probe_mel_stats,probe_mel_stats,none,0,val,0.8580645161290323,0.2309938971229294,0.2817204301075269,0.2817204301075269
probe_mel_stats,probe_mel_stats,none,0,ood,0.7883333333333333,0.26333333333333336,0.16666666666666666,0.16666666666666666
probe_phase,probe_phase,none,0,train,0.7949324133189238,0.27827510991777027,0.2536303224218558,0.081959143490032
probe_phase,probe_phase,none,0,val,0.798837547224644,0.30809357744841614,0.37849462365591396,0.37849462365591396
probe_phase,probe_phase,none,0,ood,0.40915254237288134,0.5511864406779661,0.0,0.0
probe_rolloff,probe_rolloff,none,0,train,0.6342437322276633,0.40583377687224165,0.030273197144966773,0.0
probe_rolloff,probe_rolloff,none,0,val,0.6362975879104912,0.38166230746875907,0.008602150537634409,0.008602150537634409
probe_rolloff,probe_rolloff,none,0,ood,0.718813559322034,0.3167796610169492,0.0,0.0
probe_bicoherence,probe_bicoherence,none,0,train,0.8933189527028367,0.18753885094534145,0.075806054639429,0.034211174009352696
probe_bicoherence,probe_bicoherence,none,0,val,0.8159546643417611,0.2393635571054926,0.08279569892473118,0.08279569892473118
probe_bicoherence,probe_bicoherence,none,0,ood,0.9566101694915254,0.13203389830508472,0.3474576271186441,0.3474576271186441
probe_chroma_ssm,probe_chroma_ssm,none,0,train,0.6459923481880729,0.407058088401959,0.05414718188530642,0.0
probe_chroma_ssm,probe_chroma_ssm,none,0,val,0.6493315896541703,0.40485324033711134,0.0064516129032258064,0.0064516129032258064
probe_chroma_ssm,probe_chroma_ssm,none,0,ood,0.673728813559322,0.3579661016949153,0.2033898305084746,0.2033898305084746
probe_denoiser,probe_denoiser,none,0,train,0.7486768606742489,0.3137501445930836,0.0825744523750923,0.010214127492000985
probe_denoiser,probe_denoiser,none,0,val,0.6989973844812554,0.34986922406277243,0.2064516129032258,0.2064516129032258
probe_denoiser,probe_denoiser,none,0,ood,0.7823728813559322,0.33101694915254243,0.3389830508474576,0.3389830508474576
probe_stereo,probe_stereo,none,0,train,0.726920421372173,0.3267379367927326,0.030642382476002955,0.0
probe_stereo,probe_stereo,none,0,val,0.6910491136297587,0.35040685847137465,0.021505376344086023,0.021505376344086023
probe_stereo,probe_stereo,none,0,ood,0.7515254237288136,0.33101694915254243,0.13559322033898305,0.13559322033898305
probe_mel_stats,probe_mel_stats,none,0,train,0.8984354758094419,0.17718427447064516,0.3743539256706867,0.24009352695052916
probe_mel_stats,probe_mel_stats,none,0,val,0.8580645161290323,0.2309938971229294,0.2817204301075269,0.2817204301075269
probe_mel_stats,probe_mel_stats,none,0,ood,0.7789830508474576,0.2755932203389831,0.17796610169491525,0.17796610169491525
probe_phase,probe_phase,none,0,train,0.7949324133189238,0.27827510991777027,0.2536303224218558,0.081959143490032
probe_phase,probe_phase,none,0,val,0.798837547224644,0.30809357744841614,0.37849462365591396,0.37849462365591396
probe_phase,probe_phase,none,0,ood,0.40915254237288134,0.5511864406779661,0.0,0.0
probe_rolloff,probe_rolloff,none,0,train,0.6342437322276633,0.40583377687224165,0.030273197144966773,0.0
probe_rolloff,probe_rolloff,none,0,val,0.6362975879104912,0.38166230746875907,0.008602150537634409,0.008602150537634409
probe_rolloff,probe_rolloff,none,0,ood,0.718813559322034,0.3167796610169492,0.0,0.0
probe_bicoherence,probe_bicoherence,none,0,train,0.8933189527028367,0.18753885094534145,0.075806054639429,0.034211174009352696
probe_bicoherence,probe_bicoherence,none,0,val,0.8159546643417611,0.2393635571054926,0.08279569892473118,0.08279569892473118
probe_bicoherence,probe_bicoherence,none,0,ood,0.9566101694915254,0.13203389830508472,0.3474576271186441,0.3474576271186441
probe_chroma_ssm,probe_chroma_ssm,none,0,train,0.6459923481880729,0.407058088401959,0.05414718188530642,0.0
probe_chroma_ssm,probe_chroma_ssm,none,0,val,0.6493315896541703,0.40485324033711134,0.0064516129032258064,0.0064516129032258064
probe_chroma_ssm,probe_chroma_ssm,none,0,ood,0.673728813559322,0.3579661016949153,0.2033898305084746,0.2033898305084746
probe_denoiser,probe_denoiser,none,0,train,0.7486768606742489,0.3137501445930836,0.0825744523750923,0.010214127492000985
probe_denoiser,probe_denoiser,none,0,val,0.6989973844812554,0.34986922406277243,0.2064516129032258,0.2064516129032258
probe_denoiser,probe_denoiser,none,0,ood,0.7823728813559322,0.33101694915254243,0.3389830508474576,0.3389830508474576
probe_stereo,probe_stereo,none,0,train,0.726920421372173,0.3267379367927326,0.030642382476002955,0.0
probe_stereo,probe_stereo,none,0,val,0.6910491136297587,0.35040685847137465,0.021505376344086023,0.021505376344086023
probe_stereo,probe_stereo,none,0,ood,0.7515254237288136,0.33101694915254243,0.13559322033898305,0.13559322033898305
probe_mel_stats,probe_mel_stats,none,0,train,0.8984354758094419,0.17718427447064516,0.3743539256706867,0.24009352695052916
probe_mel_stats,probe_mel_stats,none,0,val,0.8580645161290323,0.2309938971229294,0.2817204301075269,0.2817204301075269
probe_mel_stats,probe_mel_stats,none,0,ood,0.7789830508474576,0.2755932203389831,0.17796610169491525,0.17796610169491525
probe_phase,probe_phase,none,0,train,0.7949324133189238,0.27827510991777027,0.2536303224218558,0.081959143490032
probe_phase,probe_phase,none,0,val,0.798837547224644,0.30809357744841614,0.37849462365591396,0.37849462365591396
probe_phase,probe_phase,none,0,ood,0.40915254237288134,0.5511864406779661,0.0,0.0
probe_rolloff,probe_rolloff,none,0,train,0.6342437322276633,0.40583377687224165,0.030273197144966773,0.0
probe_rolloff,probe_rolloff,none,0,val,0.6362975879104912,0.38166230746875907,0.008602150537634409,0.008602150537634409
probe_rolloff,probe_rolloff,none,0,ood,0.718813559322034,0.3167796610169492,0.0,0.0
probe_bicoherence,probe_bicoherence,none,0,train,0.8933189527028367,0.18753885094534145,0.075806054639429,0.034211174009352696
probe_bicoherence,probe_bicoherence,none,0,val,0.8159546643417611,0.2393635571054926,0.08279569892473118,0.08279569892473118
probe_bicoherence,probe_bicoherence,none,0,ood,0.9566101694915254,0.13203389830508472,0.3474576271186441,0.3474576271186441
probe_chroma_ssm,probe_chroma_ssm,none,0,train,0.6459923481880729,0.407058088401959,0.05414718188530642,0.0
probe_chroma_ssm,probe_chroma_ssm,none,0,val,0.6493315896541703,0.40485324033711134,0.0064516129032258064,0.0064516129032258064
probe_chroma_ssm,probe_chroma_ssm,none,0,ood,0.673728813559322,0.3579661016949153,0.2033898305084746,0.2033898305084746
probe_denoiser,probe_denoiser,none,0,train,0.7486768606742489,0.3137501445930836,0.0825744523750923,0.010214127492000985
probe_denoiser,probe_denoiser,none,0,val,0.6989973844812554,0.34986922406277243,0.2064516129032258,0.2064516129032258
probe_denoiser,probe_denoiser,none,0,ood,0.7823728813559322,0.33101694915254243,0.3389830508474576,0.3389830508474576
probe_stereo,probe_stereo,none,0,train,0.726920421372173,0.3267379367927326,0.030642382476002955,0.0
probe_stereo,probe_stereo,none,0,val,0.6910491136297587,0.35040685847137465,0.021505376344086023,0.021505376344086023
probe_stereo,probe_stereo,none,0,ood,0.7515254237288136,0.33101694915254243,0.13559322033898305,0.13559322033898305
probe_mel_stats,probe_mel_stats,none,0,train,0.8984354758094419,0.17718427447064516,0.3743539256706867,0.24009352695052916
probe_mel_stats,probe_mel_stats,none,0,val,0.8580645161290323,0.2309938971229294,0.2817204301075269,0.2817204301075269
probe_mel_stats,probe_mel_stats,none,0,ood,0.7789830508474576,0.2755932203389831,0.17796610169491525,0.17796610169491525
mert_head_aug-none_seed0,mert_head,none,0,val,0.9673205463528044,0.08493170589944786,0.7010752688172043,0.7010752688172043
mert_head_aug-none_seed0,mert_head,none,0,test,0.9764318630678077,0.06797235023041473,0.7183673469387755,0.7183673469387755
mert_head_aug-none_seed0,mert_head,none,0,ood,0.9589830508474576,0.10508474576271189,0.5423728813559322,0.5423728813559322
probe_phase,probe_phase,none,0,train,0.7949324133189238,0.27827510991777027,0.2536303224218558,0.081959143490032
probe_phase,probe_phase,none,0,val,0.798837547224644,0.30809357744841614,0.37849462365591396,0.37849462365591396
probe_phase,probe_phase,none,0,ood,0.40915254237288134,0.5511864406779661,0.0,0.0
probe_rolloff,probe_rolloff,none,0,train,0.6342437322276633,0.40583377687224165,0.030273197144966773,0.0
probe_rolloff,probe_rolloff,none,0,val,0.6362975879104912,0.38166230746875907,0.008602150537634409,0.008602150537634409
probe_rolloff,probe_rolloff,none,0,ood,0.718813559322034,0.3167796610169492,0.0,0.0
probe_bicoherence,probe_bicoherence,none,0,train,0.8933189527028367,0.18753885094534145,0.075806054639429,0.034211174009352696
probe_bicoherence,probe_bicoherence,none,0,val,0.8159546643417611,0.2393635571054926,0.08279569892473118,0.08279569892473118
probe_bicoherence,probe_bicoherence,none,0,ood,0.9566101694915254,0.13203389830508472,0.3474576271186441,0.3474576271186441
probe_chroma_ssm,probe_chroma_ssm,none,0,train,0.6459923481880729,0.407058088401959,0.05414718188530642,0.0
probe_chroma_ssm,probe_chroma_ssm,none,0,val,0.6493315896541703,0.40485324033711134,0.0064516129032258064,0.0064516129032258064
probe_chroma_ssm,probe_chroma_ssm,none,0,ood,0.673728813559322,0.3579661016949153,0.2033898305084746,0.2033898305084746
probe_denoiser,probe_denoiser,none,0,train,0.7486768606742489,0.3137501445930836,0.0825744523750923,0.010214127492000985
probe_denoiser,probe_denoiser,none,0,val,0.6989973844812554,0.34986922406277243,0.2064516129032258,0.2064516129032258
probe_denoiser,probe_denoiser,none,0,ood,0.7823728813559322,0.33101694915254243,0.3389830508474576,0.3389830508474576
probe_stereo,probe_stereo,none,0,train,0.726920421372173,0.3267379367927326,0.030642382476002955,0.0
probe_stereo,probe_stereo,none,0,val,0.6910491136297587,0.35040685847137465,0.021505376344086023,0.021505376344086023
probe_stereo,probe_stereo,none,0,ood,0.7515254237288136,0.33101694915254243,0.13559322033898305,0.13559322033898305
probe_mel_stats,probe_mel_stats,none,0,train,0.8984354758094419,0.17718427447064516,0.3743539256706867,0.24009352695052916
probe_mel_stats,probe_mel_stats,none,0,val,0.8580645161290323,0.2309938971229294,0.2817204301075269,0.2817204301075269
probe_mel_stats,probe_mel_stats,none,0,ood,0.7789830508474576,0.2755932203389831,0.17796610169491525,0.17796610169491525
mert_head_aug-none_seed0,mert_head,none,0,val,0.9673205463528044,0.08493170589944786,0.7010752688172043,0.7010752688172043
mert_head_aug-none_seed0,mert_head,none,0,test,0.9764318630678077,0.06797235023041473,0.7183673469387755,0.7183673469387755
mert_head_aug-none_seed0,mert_head,none,0,ood,0.9589830508474576,0.10508474576271189,0.5423728813559322,0.5423728813559322
muq_head_aug-none_seed0,muq_head,none,0,val,0.9217233362394652,0.1326213310084278,0.2010752688172043,0.2010752688172043
muq_head_aug-none_seed0,muq_head,none,0,test,0.9570770243581302,0.09124423963133642,0.45102040816326533,0.45102040816326533
muq_head_aug-none_seed0,muq_head,none,0,ood,0.9908474576271187,0.0723728813559322,0.788135593220339,0.788135593220339
moss_nano_head_aug-none_seed0,moss_nano_head,none,0,val,0.9508573089218251,0.13477186864283638,0.40860215053763443,0.40860215053763443
moss_nano_head_aug-none_seed0,moss_nano_head,none,0,test,0.9639236339697169,0.09430546412113232,0.2979591836734694,0.2979591836734694
moss_nano_head_aug-none_seed0,moss_nano_head,none,0,ood,0.9747457627118644,0.10084745762711862,0.7033898305084746,0.7033898305084746
clap_head_aug-none_seed0,clap_head,none,0,val,0.8029860505666957,0.27898866608544026,0.08064516129032258,0.08064516129032258
clap_head_aug-none_seed0,clap_head,none,0,test,0.7969387755102041,0.2627057274522712,0.018367346938775512,0.018367346938775512
clap_head_aug-none_seed0,clap_head,none,0,ood,0.9171186440677965,0.156271186440678,0.09322033898305085,0.09322033898305085
lcnn_aug-none_seed0,lcnn,none,0,val,0.8366753850624818,0.2293809938971229,0.08387096774193549,0.08387096774193549
lcnn_aug-none_seed0,lcnn,none,0,test,0.855464121132324,0.2251481237656353,0.21224489795918366,0.21224489795918366
lcnn_aug-none_seed0,lcnn,none,0,ood,0.9338983050847458,0.11932203389830509,0.025423728813559324,0.025423728813559324
lcnn_aug-none_ablation,lcnn,none,42,val,0.8420589944783493,0.22884335948852075,0.18387096774193548,0.18387096774193548
lcnn_aug-none_ablation,lcnn,none,42,ood,0.9747457627118643,0.10084745762711862,0.6779661016949152,0.6779661016949152
lcnn_aug-specaug_ablation,lcnn,specaug,42,val,0.836653589072944,0.2315315315315315,0.08817204301075268,0.08817204301075268
lcnn_aug-specaug_ablation,lcnn,specaug,42,ood,0.98,0.10084745762711862,0.8305084745762712,0.8305084745762712
lcnn_aug-mixup_ablation,lcnn,mixup,42,val,0.827332170880558,0.21563498982853824,0.02258064516129032,0.02258064516129032
lcnn_aug-mixup_ablation,lcnn,mixup,42,ood,0.9703389830508474,0.09661016949152541,0.5423728813559322,0.5423728813559322
lcnn_aug-codec_ablation,lcnn,codec,42,val,0.8420589944783493,0.22884335948852075,0.18387096774193548,0.18387096774193548
lcnn_aug-codec_ablation,lcnn,codec,42,ood,0.9747457627118643,0.10084745762711862,0.6779661016949152,0.6779661016949152
lcnn_aug-noise_ablation,lcnn,noise,42,val,0.8447108398721302,0.24635280441732058,0.14731182795698924,0.14731182795698924
lcnn_aug-noise_ablation,lcnn,noise,42,ood,0.9716101694915253,0.08237288135593221,0.6779661016949152,0.6779661016949152
lcnn_aug-pitch_shift_ablation,lcnn,pitch_shift,42,val,0.8386806160999709,0.23045626271432723,0.1043010752688172,0.1043010752688172
lcnn_aug-pitch_shift_ablation,lcnn,pitch_shift,42,ood,0.98,0.09661016949152541,0.8305084745762712,0.8305084745762712
lcnn_aug-loudness_ablation,lcnn,loudness,42,val,0.8124237140366173,0.25879104911362977,0.07096774193548387,0.07096774193548387
lcnn_aug-loudness_ablation,lcnn,loudness,42,ood,0.9479661016949152,0.10084745762711862,0.00847457627118644,0.00847457627118644
lcnn_aug-reverb_ablation,lcnn,reverb,42,val,0.8318730020342926,0.23690787561755305,0.060215053763440864,0.060215053763440864
lcnn_aug-reverb_ablation,lcnn,reverb,42,ood,0.9688135593220338,0.11932203389830509,0.6949152542372882,0.6949152542372882
lcnn_aug-combined_safe_ablation,lcnn,combined_safe,42,val,0.8293446672478931,0.23690787561755305,0.1043010752688172,0.1043010752688172
lcnn_aug-combined_safe_ablation,lcnn,combined_safe,42,ood,0.9605084745762711,0.1235593220338983,0.5847457627118644,0.5847457627118644
lcnn_aug-combined_aggressive_ablation,lcnn,combined_aggressive,42,val,0.8265547805870386,0.23206916594013366,0.043010752688172046,0.043010752688172046
lcnn_aug-combined_aggressive_ablation,lcnn,combined_aggressive,42,ood,0.953728813559322,0.1235593220338983,0.7033898305084746,0.7033898305084746
multiview_aug-combined_safe_seed0,multiview,combined_safe,0,val,0.9088419064225517,0.18653007846556233,0.47634408602150535,0.47634408602150535
multiview_aug-combined_safe_seed0,multiview,combined_safe,0,test,0.8624753127057275,0.22004608294930877,0.42653061224489797,0.42653061224489797
multiview_aug-combined_safe_seed0,multiview,combined_safe,0,ood,0.8747457627118644,0.23288135593220338,0.00847457627118644,0.00847457627118644
multiview_aug-combined_safe_seed1,multiview,combined_safe,1,val,0.9028625399593141,0.17493461203138622,0.4182795698924731,0.4182795698924731
multiview_aug-combined_safe_seed1,multiview,combined_safe,1,test,0.8411454904542462,0.24045424621461486,0.4346938775510204,0.4346938775510204
multiview_aug-combined_safe_seed1,multiview,combined_safe,1,ood,0.8406779661016949,0.2428813559322034,0.01694915254237288,0.01694915254237288
multiview_aug-combined_safe_seed2,multiview,combined_safe,2,val,0.910752688172043,0.17278407439697763,0.4096774193548387,0.4096774193548387
multiview_aug-combined_safe_seed2,multiview,combined_safe,2,test,0.8563857801184991,0.25352205398288347,0.39591836734693875,0.39591836734693875
multiview_aug-combined_safe_seed2,multiview,combined_safe,2,ood,0.8638135593220339,0.19322033898305083,0.00847457627118644,0.00847457627118644
multiview_aug-combined_safe_seed3,multiview,combined_safe,3,val,0.8971083987213018,0.1881429816913688,0.2870967741935484,0.2870967741935484
multiview_aug-combined_safe_seed3,multiview,combined_safe,3,test,0.8551678736010534,0.25862409479921,0.5020408163265306,0.5020408163265306
multiview_aug-combined_safe_seed3,multiview,combined_safe,3,ood,0.8630508474576272,0.2259322033898305,0.11864406779661017,0.11864406779661017
multiview_aug-combined_safe_seed4,multiview,combined_safe,4,val,0.8790177274048241,0.196512641673932,0.3150537634408602,0.3150537634408602
multiview_aug-combined_safe_seed4,multiview,combined_safe,4,test,0.8452271231073075,0.2545424621461488,0.4530612244897959,0.4530612244897959
multiview_aug-combined_safe_seed4,multiview,combined_safe,4,ood,0.8561016949152542,0.2301694915254237,0.2711864406779661,0.2711864406779661
multiview_aug-combined_safe_seed0,multiview,combined_safe,0,val,0.8827085149665795,0.19973844812554492,0.2118279569892473,0.2118279569892473
multiview_aug-combined_safe_seed0,multiview,combined_safe,0,test,0.9150098749177089,0.16737985516787357,0.3081632653061224,0.3081632653061224
multiview_aug-combined_safe_seed0,multiview,combined_safe,0,ood,0.9816949152542372,0.06389830508474578,0.5423728813559322,0.5423728813559322
multiview_aug-combined_safe_seed1,multiview,combined_safe,1,val,0.8804054054054054,0.2018889857599535,0.26129032258064516,0.26129032258064516
multiview_aug-combined_safe_seed1,multiview,combined_safe,1,test,0.9225806451612902,0.14493087557603684,0.4530612244897959,0.4530612244897959
multiview_aug-combined_safe_seed1,multiview,combined_safe,1,ood,0.9747457627118645,0.09661016949152541,0.5338983050847458,0.5338983050847458
multiview_aug-combined_safe_seed2,multiview,combined_safe,2,val,0.8941441441441441,0.18868061609997097,0.221505376344086,0.221505376344086
multiview_aug-combined_safe_seed2,multiview,combined_safe,2,test,0.9307439104674128,0.16737985516787357,0.32448979591836735,0.32448979591836735
multiview_aug-combined_safe_seed2,multiview,combined_safe,2,ood,0.9722033898305086,0.11508474576271188,0.6610169491525424,0.6610169491525424
multiview_aug-combined_safe_seed3,multiview,combined_safe,3,val,0.8901554780587039,0.1956698634117989,0.16666666666666666,0.16666666666666666
multiview_aug-combined_safe_seed3,multiview,combined_safe,3,test,0.9358130348913758,0.18778801843317972,0.3795918367346939,0.3795918367346939
multiview_aug-combined_safe_seed3,multiview,combined_safe,3,ood,0.9595762711864407,0.08389830508474579,0.4915254237288136,0.4915254237288136
multiview_aug-combined_safe_seed4,multiview,combined_safe,4,val,0.8882446963092124,0.18921825050857308,0.31827956989247314,0.31827956989247314
multiview_aug-combined_safe_seed4,multiview,combined_safe,4,test,0.9303818301514154,0.15513495720868992,0.5040816326530613,0.5040816326530613
multiview_aug-combined_safe_seed4,multiview,combined_safe,4,ood,0.969406779661017,0.05694915254237289,0.4576271186440678,0.4576271186440678
convnext_aug-none_seed0,convnext,none,0,val,0.5602077884335949,0.44968032548677705,0.015053763440860216,0.015053763440860216
convnext_aug-none_seed0,convnext,none,0,test,0.6203752468729428,0.4182685977616853,0.02040816326530612,0.02040816326530612
convnext_aug-none_seed0,convnext,none,0,ood,0.6626271186440678,0.3798305084745763,0.025423728813559324,0.025423728813559324
vit_aug-none_seed0,vit,none,0,val,0.7381720430107527,0.3361232199941877,0.04408602150537634,0.04408602150537634
vit_aug-none_seed0,vit,none,0,test,0.7690585911784069,0.2869980250164582,0.06938775510204082,0.06938775510204082
vit_aug-none_seed0,vit,none,0,ood,0.6879661016949152,0.3622033898305085,0.0,0.0
efficientvit_aug-none_seed0,efficientvit,none,0,val,0.934030804998547,0.1379976750944493,0.44086021505376344,0.44086021505376344
efficientvit_aug-none_seed0,efficientvit,none,0,test,0.9482554312047401,0.12472021066491112,0.4857142857142857,0.4857142857142857
efficientvit_aug-none_seed0,efficientvit,none,0,ood,0.7852542372881355,0.2840677966101695,0.1271186440677966,0.1271186440677966
specttra_alpha_aug-none_seed0,specttra_alpha,none,0,val,0.693010752688172,0.3487939552455681,0.03118279569892473,0.03118279569892473
specttra_alpha_aug-none_seed0,specttra_alpha,none,0,test,0.7135615536537195,0.3265964450296247,0.10204081632653061,0.10204081632653061
specttra_alpha_aug-none_seed0,specttra_alpha,none,0,ood,0.7908474576271186,0.2840677966101695,0.00847457627118644,0.00847457627118644
specttra_beta_aug-none_seed0,specttra_beta,none,0,val,0.6855855855855856,0.34042429526300494,0.001075268817204301,0.001075268817204301
specttra_beta_aug-none_seed0,specttra_beta,none,0,test,0.7239631336405529,0.3255760368663595,0.21224489795918366,0.21224489795918366
specttra_beta_aug-none_seed0,specttra_beta,none,0,ood,0.7798305084745762,0.2655932203389831,0.11864406779661017,0.11864406779661017
specttra_gamma_aug-none_seed0,specttra_gamma,none,0,val,0.7074687590816623,0.32237721592560303,0.012903225806451613,0.012903225806451613
specttra_gamma_aug-none_seed0,specttra_gamma,none,0,test,0.755299539170507,0.3245556287030942,0.02857142857142857,0.02857142857142857
specttra_gamma_aug-none_seed0,specttra_gamma,none,0,ood,0.8520338983050848,0.2244067796610169,0.025423728813559324,0.025423728813559324
