song_id,song_source,snippet_kind,CE,CU,PC,PQ
human_007cbc4a-88c0-4eb9-a7a9-ddfddad1dbee,human,cropped,7.382099151611328,7.686828136444092,5.470879077911377,7.735520839691162
human_00fb7271-5d7f-4859-82e9-ac0e4078ae81,human,cropped,7.635108470916748,7.797906875610352,7.027465343475342,8.268122673034668
human_02065dc1-0568-4426-ac43-31d4ce441c66,human,cropped,7.361140727996826,7.671915054321289,7.072610855102539,8.168519973754883
human_021021dd-f295-47b7-8a43-64e2790a0ecd,human,cropped,7.878122329711914,7.796260356903076,6.87847375869751,8.316080093383789
human_040396a9-e04a-4beb-913c-21a3096f53d6,human,cropped,7.429539680480957,7.888419151306152,6.696037292480469,8.39477252960205
human_06d0ce9d-641a-447e-a683-f8153f469237,human,cropped,7.703464984893799,7.681807518005371,6.981479644775391,8.18431282043457
human_0cb36322-0dbd-491e-811e-dcab5bb3173a,human,cropped,7.5155110359191895,8.382074356079102,5.908392906188965,8.401683807373047
human_0e3fb9f3-fae5-4e51-b4ae-f1bb311f6122,human,cropped,6.801189422607422,7.590691566467285,6.694927215576172,7.835321426391602
human_13744bdf-1138-4f10-ae20-9d11d6e53554,human,cropped,5.793917655944824,7.069550037384033,6.8078389167785645,6.728111743927002
human_15b57a8c-a4e3-4eaa-8536-74094317a9de,human,cropped,7.463266849517822,7.28804349899292,6.8092451095581055,7.514918327331543
human_177f9f64-5ebc-441f-ace9-82d9b098053f,human,cropped,4.441976070404053,4.769208908081055,6.595618724822998,5.382363796234131
human_1d5ef881-caa6-4cb1-aa55-ad7eaacb1549,human,cropped,7.230286121368408,7.091670989990234,7.171146869659424,7.7302045822143555
human_1dcd39f9-5456-46b5-ac48-9c797fe2fb53,human,cropped,7.299288749694824,7.486070156097412,5.824272155761719,6.700829982757568
human_2376855e-3533-4774-8b96-4a7f3cb08567,human,cropped,7.2726545333862305,7.567445755004883,6.957279682159424,7.9278950691223145
human_255881a6-b563-42ea-8478-3ab3ce55a055,human,cropped,7.031108856201172,7.539290904998779,6.0154523849487305,7.580068111419678
human_25600f24-d16d-43cf-b2d9-cc0678d87197,human,cropped,6.998744487762451,7.662316799163818,6.533808708190918,7.295543670654297
human_27c331f1-9801-4ff0-b5aa-ae749a877dd4,human,cropped,7.624568939208984,8.116622924804688,5.957526206970215,8.185408592224121
human_28ba34ed-9eed-44fe-a726-d25f5c32f637,human,cropped,7.454290390014648,7.884349822998047,6.863739967346191,8.28409481048584
human_28fe4b23-12f5-4ca6-b05e-cb9d872be745,human,cropped,7.146121978759766,7.263666152954102,7.015362739562988,7.622318744659424
human_2beee6c6-873e-4cc1-8d19-5521d4a2160e,human,cropped,7.631379127502441,7.878500461578369,6.970709800720215,8.410426139831543
human_2c3fc810-1b23-40b7-90f3-517d87255ed2,human,cropped,6.871053218841553,7.520634651184082,6.624366760253906,7.48745059967041
human_317d951a-c151-48b1-b8a5-da9799f5698b,human,cropped,6.807037353515625,7.454990386962891,6.7672438621521,8.056763648986816
human_334f993e-046e-45a1-8d90-7abab87b36cb,human,cropped,7.035665988922119,7.445756435394287,6.687786102294922,7.772182941436768
human_371238de-b9a8-4fec-b65e-12f46a855894,human,cropped,7.608728408813477,7.780944347381592,6.8065032958984375,8.158173561096191
human_37ad6d27-186f-4afe-bd3f-932c145bc3bc,human,cropped,7.785502910614014,7.739145278930664,7.150021076202393,8.216204643249512
human_3cb2ea04-4381-4bf5-9c29-dbedc7e47ab5,human,cropped,7.142846584320068,7.744922161102295,7.06796932220459,8.131882667541504
human_4721246e-489b-4193-9635-908be6d0c80f,human,cropped,7.2581281661987305,7.736520767211914,6.400879383087158,7.774835586547852
human_4770f9df-c1ab-4baf-b63a-2702afefae4f,human,cropped,7.412424564361572,7.890957832336426,7.014492511749268,8.263155937194824
human_489f3fea-5451-4343-95d9-8560b30999e3,human,cropped,5.079159259796143,6.679067134857178,6.654276371002197,6.685829162597656
human_4bc03749-658d-4f7e-98c2-19104873069f,human,cropped,6.601438045501709,6.806219100952148,7.023196697235107,7.378101348876953
human_4c494e30-28d8-4eae-83a6-ceffa6c29c0c,human,cropped,7.1692914962768555,7.258187770843506,5.947422027587891,7.630459785461426
human_4df22174-d034-4e67-bd5e-755756d0aaec,human,cropped,7.02316427230835,7.4765167236328125,6.837029933929443,8.09409236907959
human_4e141530-9bad-4d21-a008-3a53720bf251,human,cropped,6.549983978271484,7.572544574737549,6.991199016571045,7.528151035308838
human_522c0cd0-969d-495e-a33d-a73c88ef39ff,human,cropped,7.308677673339844,7.436598300933838,7.014049530029297,7.489804744720459
human_5e7d4630-65a2-4db9-9d16-64dcc71f962b,human,cropped,7.246166229248047,7.423583507537842,7.138633728027344,8.058981895446777
human_5ff7ba40-03db-4000-9776-684424a6fb64,human,cropped,6.661994457244873,6.941093444824219,6.613565444946289,7.281632423400879
human_615515e0-4940-47b8-a4b6-ae362cdd8a86,human,cropped,7.201103687286377,7.729026794433594,7.133065700531006,8.038983345031738
human_635d5daa-133b-45ec-9ca8-bb95073be487,human,cropped,7.167355060577393,7.419826030731201,6.456409454345703,7.745418071746826
human_6b6fda83-98df-4a08-860a-07f896a626e0,human,cropped,8.030138969421387,7.802363872528076,6.797580242156982,8.167686462402344
human_6ca6b4d7-282e-4c62-a5db-396b48f7e2eb,human,cropped,7.704890251159668,7.622328758239746,4.317076206207275,8.094589233398438
human_7062d45b-66ed-4ebe-93ae-6c6a5d9aac6b,human,cropped,7.475600719451904,7.718236446380615,6.7729034423828125,8.356647491455078
human_788c3307-73f6-498b-ada2-0041edd77732,human,cropped,6.621422290802002,7.102124214172363,6.698267459869385,7.425070762634277
human_7c2c45a3-578f-4f52-b602-1854153c65c7,human,cropped,7.712322235107422,7.766062259674072,7.129324436187744,8.44586181640625
human_80558d4a-ed62-4434-9fee-49785b54d065,human,cropped,7.892667293548584,7.814507484436035,6.913103103637695,8.16644287109375
human_84154ccd-d487-4061-999b-8026feabff40,human,cropped,7.081478118896484,7.3486127853393555,6.9397478103637695,7.372767925262451
human_892ce9c9-b005-4835-85d3-61e09ab7de2c,human,cropped,6.703729629516602,7.439718246459961,6.440803050994873,7.562685012817383
human_8ab8d6d3-df73-4152-98ad-a7ae81e1ef55,human,cropped,5.591605186462402,7.62716007232666,5.4733686447143555,7.47367000579834
human_8bf8b018-78c6-46f6-b7ff-a59466f84bfc,human,cropped,7.1708550453186035,7.554367542266846,6.976590633392334,7.8271870613098145
human_8f6b81a3-279d-4b00-8444-67119ef9ff32,human,cropped,5.988742351531982,6.72466516494751,5.683557987213135,7.2266950607299805
human_8f9818f2-654f-44f5-8502-4041b704ef77,human,cropped,5.225827693939209,6.613457679748535,6.712219715118408,6.431079864501953
human_90c4927c-d2cb-4f47-ad94-28e9b2b3a543,human,cropped,6.439155578613281,7.063616752624512,6.334384441375732,7.2262349128723145
human_90cbe516-ec49-45b0-bd3d-6dad05125c0a,human,cropped,6.904630661010742,7.583799839019775,6.791355609893799,8.070862770080566
human_95426f15-137d-43f0-80b8-fc651a1ac6e7,human,cropped,7.124538421630859,6.87038516998291,6.996089458465576,7.10419225692749
human_95ae9da4-1275-4d22-bcaf-b18c4493490d,human,cropped,7.195276737213135,7.793018341064453,6.484735012054443,8.356494903564453
human_98061082-4ed2-486d-87b6-5dc32811a24e,human,cropped,6.262247085571289,7.666213035583496,6.172117233276367,8.057266235351562
human_9cd30fe5-ac26-4beb-88c7-943783835a83,human,cropped,7.228913307189941,7.784951686859131,6.726779937744141,8.31283187866211
human_9ce3044e-f70f-4c08-a10c-e0a29478f4ff,human,cropped,7.212294101715088,7.917475700378418,6.8127923011779785,7.889063358306885
human_ab5c4aed-3e60-4ba0-830d-1df6a364a6e5,human,cropped,7.561107635498047,7.741932392120361,6.863436222076416,8.193758010864258
human_bba4d2d7-5d2b-4e63-9e6a-966903244dfa,human,cropped,7.277093887329102,7.746890068054199,5.675580024719238,7.996332168579102
human_bca5d802-0c89-4096-99ef-ed82dffd980e,human,cropped,7.7727580070495605,7.913771629333496,6.950769424438477,8.340539932250977
human_bd3efc09-34f4-4aa0-940e-7c5fe31c2671,human,cropped,6.1797380447387695,7.259581089019775,6.8845391273498535,7.124129295349121
human_c2ccee89-89f7-4a68-857c-0edb6cdf1e13,human,cropped,6.685686111450195,7.160261631011963,6.976104259490967,7.57856559753418
human_c375bcde-6044-461c-ba7a-0e50424f6abf,human,cropped,7.200829029083252,7.6057281494140625,7.024847507476807,7.631010055541992
human_c7baf4e9-bfa6-4056-bdb0-9f326eb5185c,human,cropped,7.9059343338012695,7.79967737197876,6.7975568771362305,8.210390090942383
human_cb70c2f3-0cdd-430f-a3cc-aeb00349b6df,human,cropped,7.003433704376221,7.508768558502197,7.010326862335205,7.7032270431518555
human_cfde9e15-c18d-4036-b28c-8e333f191f7f,human,cropped,7.542549133300781,7.531398773193359,6.963416576385498,7.845779895782471
human_d08e1e82-a291-4d07-981d-f2b81ddc6bea,human,cropped,7.602123737335205,7.087021827697754,7.133398532867432,6.819505214691162
human_d2553232-8a46-40ff-917c-4ac2ee9958b6,human,cropped,6.2192277908325195,6.9342803955078125,7.065970420837402,7.110012054443359
human_d2ec7199-62cb-4d3f-b78d-4f795a7106f6,human,cropped,7.332709312438965,7.543205738067627,6.873411178588867,8.098426818847656
human_d72a7061-eaf1-42d7-a254-bcb4fb0afb98,human,cropped,7.599405765533447,7.754456043243408,7.024728298187256,8.374157905578613
human_d8043ae3-7631-4f56-9f8d-b903ae3b6a7e,human,cropped,7.62258243560791,7.845500469207764,7.017472743988037,8.327672958374023
human_d8623a59-38de-4a3e-97c8-e387ff3655c7,human,cropped,6.694628715515137,7.583869934082031,6.868600845336914,7.976507663726807
human_db5da3d4-2ea1-4ee5-9ef2-180589cf3680,human,cropped,7.106633186340332,7.691165447235107,6.670032024383545,8.039294242858887
human_def7cfd0-5d63-44cf-a853-3be18c12965d,human,cropped,7.4013543128967285,7.509501934051514,6.876159191131592,7.973182678222656
human_e7cfdd36-cfb8-406f-b67a-6b47cacdea25,human,cropped,7.610223770141602,7.940909385681152,6.976340293884277,8.354741096496582
human_ec620af8-1b23-4e6a-ba27-15457aedfe18,human,cropped,7.624298572540283,7.9035115242004395,6.223003387451172,8.180615425109863
human_edc015a4-b877-4cf3-a00d-a6e29d80e033,human,cropped,7.714076519012451,7.866167068481445,6.920185565948486,8.26806640625
human_ef08850d-3101-48a0-867d-d4279c9c1f49,human,cropped,7.60703182220459,7.8800153732299805,7.091678619384766,8.367627143859863
human_f1dbbe7d-b043-4eda-becc-ff96acbc05dd,human,cropped,7.428727149963379,7.570703506469727,6.924793720245361,8.27779769897461
human_f941e0fc-90cc-4458-a07e-0a67a5a20bdd,human,cropped,7.361981391906738,7.395758628845215,6.06441593170166,7.726473808288574
human_fb3b8647-4f26-43c0-ac6a-b9c978378d05,human,cropped,7.2486114501953125,7.416393756866455,6.209649085998535,7.80189323425293
mureka_011931d3-43ee-4a30-962f-06dd770c9cf3,mureka,cropped,7.9571943283081055,7.914654731750488,5.579190731048584,8.389384269714355
mureka_0253b74f-816d-435d-893a-32f72b90301e,mureka,full,7.0686187744140625,7.521116256713867,6.704469203948975,8.18472671508789
mureka_02bd1fb3-4288-4388-bf87-956edd671861,mureka,full,6.724287986755371,7.440072059631348,6.630220890045166,7.940400123596191
mureka_081ff3ef-5076-44da-ad83-f74f1b61346f,mureka,cropped,4.137317180633545,6.68741512298584,4.823164463043213,6.719387054443359
mureka_08637a85-5238-4c99-8535-d7b2a32f220b,mureka,cropped,7.5449538230896,7.781940460205078,5.394708633422852,8.263558387756348
mureka_0878c76b-d97e-4964-8277-83c7e6bc1748,mureka,cropped,6.42910099029541,7.4878363609313965,6.664520740509033,8.010050773620605
mureka_09792c76-4d82-4590-be79-2b0e57115b07,mureka,full,7.4120659828186035,7.815952777862549,6.822833061218262,8.23494815826416
mureka_0993e67b-4009-414e-b9e7-ad8c4132a197,mureka,full,7.7595038414001465,7.904964923858643,6.289341449737549,8.47797679901123
mureka_09e4733b-9c86-4d99-851f-9461c5cad736,mureka,cropped,7.834692001342773,8.078802108764648,6.711350440979004,8.572247505187988
mureka_0f385b15-e85b-4779-a045-bfd8dc3a1da2,mureka,full,7.925474166870117,7.866297245025635,5.671263694763184,8.219873428344727
mureka_100804ff-401e-45af-9367-942e63ca3cb8,mureka,cropped,7.472504138946533,7.868597030639648,6.568821430206299,8.318278312683105
mureka_1058071e-4d1b-46e0-b16e-0d7d9c4c77cc,mureka,full,7.913364887237549,8.042672157287598,6.854639053344727,8.431819915771484
mureka_12cf28b8-a705-4072-82ea-38fc7557c6d8,mureka,full,7.762105941772461,7.735964298248291,6.7239274978637695,8.381034851074219
mureka_13695635-aeae-442f-8eb8-83433608c04a,mureka,cropped,7.187081336975098,7.659083843231201,6.972696781158447,8.074090957641602
mureka_155f4528-7625-411d-a960-ee30364acfff,mureka,full,7.9319634437561035,7.97705078125,6.0137481689453125,8.405655860900879
mureka_161c86d1-2864-40d4-a5a1-824b1f39a789,mureka,full,7.001984596252441,7.735533237457275,5.871069431304932,8.083991050720215
mureka_172139e1-5a07-440e-9b16-09a0306acc97,mureka,full,7.433452129364014,7.77987003326416,6.665533065795898,8.34945297241211
mureka_1a31f072-27fb-47e9-a619-00b6a3058893,mureka,full,7.6465253829956055,7.94024133682251,6.0807085037231445,8.290902137756348
mureka_1aa29cdf-8b19-4251-bcf2-0610b7b75c8e,mureka,full,7.447073936462402,7.783624649047852,5.84887170791626,8.241847038269043
mureka_1ade7656-2764-4cf6-9b0d-b018d5f7462e,mureka,full,7.990764141082764,8.11766242980957,5.94724702835083,8.543293952941895
mureka_1c16ecc0-7be0-4a6d-af32-ade161547321,mureka,cropped,6.917392253875732,7.516769886016846,6.8226752281188965,7.98410177230835
mureka_1cb1202e-27dd-4d3d-895f-6e5aa6092c5b,mureka,full,7.07383918762207,7.800217628479004,6.518068790435791,8.072992324829102
mureka_1d47330a-8e67-4dc3-9ae1-135ef8e32157,mureka,full,7.4333062171936035,7.926069259643555,6.9149169921875,8.292221069335938
mureka_20964d85-cd25-4e10-a5c7-85c2191ffc6b,mureka,cropped,7.812402248382568,7.9478912353515625,6.655020713806152,8.468649864196777
mureka_21f4f7ce-6d67-4ea6-917c-2a5bfe1a2a1d,mureka,cropped,7.464019775390625,8.008417129516602,6.420297145843506,8.230531692504883
mureka_234cc2da-32be-447f-bad6-a9570229673c,mureka,full,7.2124176025390625,7.797139644622803,6.634696960449219,8.306208610534668
mureka_242d7279-fa7f-4d40-8cbe-8cdf9752e1ee,mureka,full,7.048825263977051,7.70768404006958,6.811551570892334,7.880321979522705
mureka_24af80e7-cb4b-4f7f-b5ae-09f0c6936945,mureka,full,7.707353115081787,7.937782287597656,6.338228225708008,8.40895938873291
mureka_28c07242-00cc-40dc-85df-b3e70a515587,mureka,full,7.818262577056885,7.786803245544434,6.829165458679199,8.126497268676758
mureka_29b4c122-0a62-4cd8-a2f0-81662ed3183f,mureka,cropped,7.523717880249023,7.699358940124512,6.8461408615112305,8.314287185668945
mureka_2d7a7c31-126b-4f70-babe-a74d30ea2f5a,mureka,full,7.65807580947876,7.841516494750977,6.661854267120361,8.35212516784668
mureka_2dce6773-8c62-4117-9ed8-63e60a8f1494,mureka,full,7.50752067565918,7.904290199279785,6.999330043792725,8.251026153564453
mureka_2e2f8465-05db-4cc0-b472-1ec8f4c26a98,mureka,full,7.675230026245117,7.769166946411133,5.339951515197754,8.35007381439209
mureka_2f1a01fc-b35c-4456-b8af-148e5f679202,mureka,full,7.703719615936279,8.02691650390625,6.9316229820251465,8.405784606933594
mureka_3017a3cb-dbfe-4d5e-b7d7-2ef709b8ca27,mureka,full,7.818638324737549,7.928053855895996,6.703013896942139,8.324943542480469
mureka_321d19f3-e172-459a-97b4-a496f37a8e7e,mureka,full,7.92236852645874,8.495080947875977,5.221319198608398,8.501572608947754
mureka_33040448-7603-4551-9e38-964876250f83,mureka,full,7.516393184661865,7.92913818359375,6.485444068908691,8.27121353149414
mureka_394366e8-cb8a-4f9e-8755-99ee61574d01,mureka,full,7.511242389678955,7.707521438598633,6.857904434204102,8.347698211669922
mureka_41e9eafc-7829-4570-b658-a86d16313786,mureka,full,7.543774127960205,7.834401607513428,7.028074264526367,8.33393383026123
mureka_4242badd-a503-40d0-873a-3eb40184fccd,mureka,full,7.886452674865723,8.359772682189941,5.462951183319092,8.484521865844727
mureka_42a85bc2-b64c-48eb-b55c-fea207ce52c3,mureka,cropped,7.824288368225098,7.685554504394531,7.0880866050720215,8.453362464904785
mureka_46205943-cbf6-41ee-a9a4-7d570632073a,mureka,full,7.869722366333008,7.66247034072876,5.708318710327148,8.226766586303711
mureka_4986b546-6329-4114-82a0-99ddfd12a4f7,mureka,full,7.3006110191345215,7.472753524780273,6.744223594665527,8.226880073547363
mureka_4c025957-1070-4c85-95be-141c106f3ef2,mureka,full,7.43538236618042,7.864418983459473,5.554250717163086,8.356121063232422
mureka_53631038-5393-4808-8c83-737310dc22b0,mureka,full,7.29050874710083,7.825077533721924,6.548841953277588,8.297999382019043
mureka_5ca16b1f-ed6a-4721-9f68-f93282bb2e4e,mureka,full,6.916187286376953,7.710519790649414,6.72855806350708,7.9320454597473145
mureka_5ed9317a-531e-4e73-b695-f94326340ca0,mureka,full,7.422595500946045,7.738131999969482,6.37736177444458,8.132463455200195
mureka_5fe946c6-f621-45a0-8d93-cfc6f11047c2,mureka,full,7.419666767120361,7.8065619468688965,6.268592834472656,8.3330078125
mureka_623af694-8ce2-40e9-86af-fb0bf1703a0b,mureka,full,7.150213241577148,7.897634029388428,6.86982536315918,8.170427322387695
mureka_6650ddef-3133-4393-8418-3d42e70151e2,mureka,full,7.156186580657959,7.769409656524658,6.794149398803711,8.331452369689941
mureka_6a494070-6b09-43b3-8b7e-9b4ed6209396,mureka,full,7.275429725646973,7.842753887176514,6.288798809051514,8.291714668273926
mureka_6a94afdf-ed8e-45b8-96fc-68b2329e3737,mureka,full,7.438817977905273,7.375189781188965,6.709534168243408,7.808195114135742
mureka_6b40ee82-dcd0-4caa-9f26-49f96ed12d8c,mureka,full,7.691580772399902,7.872378826141357,6.06748628616333,8.336875915527344
mureka_6b441d23-108a-48da-9a8b-5c9eb1996a41,mureka,full,7.740828514099121,7.921776294708252,5.98986291885376,8.332965850830078
mureka_6dc9f487-12d5-47c4-911d-a95aa4c095b9,mureka,full,7.708040714263916,7.877007484436035,6.240582466125488,8.336641311645508
mureka_6f01e974-2e63-43b9-8a48-aebdcc72cb49,mureka,cropped,7.612116813659668,7.76662540435791,6.902804851531982,8.430614471435547
mureka_6f0346a5-47fc-4577-8532-dfe015cd61e0,mureka,full,7.534708499908447,7.807912826538086,5.890226364135742,8.243610382080078
mureka_70762933-6c26-47f8-acd8-8b65b633b0a6,mureka,full,7.6309638023376465,7.954410076141357,6.678773880004883,8.479819297790527
mureka_73a50b2f-758f-4778-9b2c-80f3f243a775,mureka,full,7.81381893157959,7.8482232093811035,6.388836860656738,8.26561450958252
mureka_748c9862-7ec1-4761-bcce-e90588b3cc3b,mureka,full,6.912277698516846,7.65950870513916,6.373475551605225,8.039623260498047
mureka_75dca759-2241-4dad-af49-84065c0c06b7,mureka,full,7.601877212524414,7.564006328582764,6.492286205291748,8.028032302856445
mureka_7827881f-f0ec-4847-b038-bb5026442581,mureka,full,7.429919719696045,7.862513542175293,6.797701358795166,8.497599601745605
mureka_79ed94d1-4b6f-4d71-9681-705e45b9df5a,mureka,cropped,7.5420823097229,7.914608478546143,6.9117655754089355,8.428991317749023
mureka_79fedb8b-1a54-43d9-a518-86003ec851fe,mureka,full,6.988043308258057,7.676947593688965,6.769481658935547,7.842385292053223
mureka_7d829ab7-ff63-4155-a689-1e59f663dc43,mureka,full,7.134275436401367,7.723195552825928,6.570123672485352,8.118558883666992
mureka_80f79cd6-2318-44e3-ae04-df6ef09ed420,mureka,full,7.119383811950684,7.67534065246582,6.870788097381592,8.146196365356445
mureka_8440088a-999b-4121-a329-b045ff368374,mureka,full,7.694405555725098,8.085538864135742,6.758892059326172,8.465617179870605
mureka_8797a0b0-b528-48a0-a2ac-4f806b4da302,mureka,full,7.831183433532715,7.977260112762451,5.43064022064209,8.350584983825684
mureka_879dfd8b-1793-4d3a-810c-b8ec3c513f9c,mureka,full,7.075986862182617,7.807713985443115,6.709179401397705,8.247673034667969
mureka_8888b0fc-7d66-427c-9398-4248f903e338,mureka,cropped,7.4800214767456055,7.845760822296143,6.980752468109131,8.293184280395508
mureka_8a272ace-f148-48fb-ad2f-39453f97c79b,mureka,full,7.787808895111084,7.9713897705078125,5.104641914367676,8.17647647857666
mureka_8aa7efde-28bb-462b-aef1-f1455e9c089c,mureka,full,7.47809362411499,7.755468368530273,6.778099060058594,8.314170837402344
mureka_8fabcd86-a113-4231-a705-c2d249866363,mureka,cropped,7.741260051727295,7.888040065765381,6.780240535736084,8.400857925415039
mureka_92ddfc86-a9a9-4ba6-b4cb-682dfa14466a,mureka,full,7.462105751037598,8.296537399291992,4.038610458374023,8.292096138000488
mureka_936e42f2-891e-4b5d-8ae2-1eb930d11fdc,mureka,full,7.531734943389893,8.25093936920166,5.910787582397461,8.430055618286133
mureka_94f85b99-1923-40b8-aefa-f2700c2625ee,mureka,full,7.839516639709473,8.027613639831543,6.488462448120117,8.453410148620605
mureka_985f4324-9d27-4e58-94fc-a4719b1abe9b,mureka,full,7.45946741104126,7.903008937835693,7.041808605194092,8.332955360412598
mureka_98707792-f7b0-4848-9483-258e7a128601,mureka,cropped,7.544074058532715,7.95947790145874,6.829503536224365,8.272008895874023
mureka_99bfbacc-3c3b-4da4-8bae-4958b26fd33b,mureka,full,7.038336277008057,7.547996520996094,6.3656487464904785,7.981876850128174
mureka_9a114a9a-45ed-44e0-91c6-e543975577e7,mureka,full,7.30694055557251,7.789575576782227,6.803071975708008,7.944649696350098
mureka_9d3f7bbf-100d-4777-a1b6-6db51a62116d,mureka,full,7.576877117156982,7.865609169006348,6.902582168579102,8.32563591003418
mureka_9de97702-21cf-4d5e-8752-d2129665ec6d,mureka,cropped,7.474356651306152,7.852075099945068,4.71353006362915,8.326272010803223
mureka_9e260dac-0ac6-4d7b-871f-7a27a65e13f1,mureka,full,4.434610843658447,4.482388973236084,3.828413724899292,5.309550762176514
mureka_9fd021b7-6f06-432f-a286-bec8a894e730,mureka,full,7.847705364227295,8.150056838989258,5.350091934204102,8.466411590576172
mureka_a6bb8d46-9c42-46cc-9a2a-0ab1b6d328dd,mureka,full,7.798428058624268,8.046268463134766,6.874334335327148,8.477887153625488
mureka_a707ecba-9b59-4c5d-833d-27a8acb0ad26,mureka,full,7.821325302124023,7.9000678062438965,6.224925994873047,8.431289672851562
mureka_aa25baad-3365-4483-a80c-1becfbada63f,mureka,full,7.77534294128418,8.093863487243652,6.21199893951416,8.432084083557129
mureka_ab839409-d1dd-4df8-9e37-8b50391cd941,mureka,cropped,7.1804280281066895,7.754305839538574,6.959898948669434,8.21810245513916
mureka_b17eb731-7a85-41e0-bdf8-1cb403c0789b,mureka,full,7.44973087310791,7.765718460083008,6.67332649230957,8.321704864501953
mureka_b47792d0-c176-430c-8db6-90d1387e4222,mureka,full,7.701963424682617,8.067293167114258,6.802370548248291,8.43437385559082
mureka_b4de0e74-7b2f-484d-8e5c-be9670f75526,mureka,full,7.4401068687438965,8.00808334350586,6.560048580169678,8.285749435424805
mureka_b88e55e0-26ce-4f5b-bab7-8418e547b998,mureka,cropped,6.898919105529785,7.536464214324951,5.498953819274902,7.993505001068115
mureka_bc283c80-485e-4cd8-ad57-d25e9521d86e,mureka,full,7.79207706451416,8.051889419555664,6.063790321350098,8.348398208618164
mureka_bcf7149f-4f79-4282-9e48-1689eb44fecd,mureka,full,7.304143905639648,7.570690631866455,6.49131965637207,8.188819885253906
mureka_bd2b8515-9ada-4591-a54a-6d49d5b4b69a,mureka,full,7.430363178253174,7.668529987335205,6.500239849090576,8.06086254119873
mureka_befc0fb7-d8fc-4e91-9e11-91f2c142233b,mureka,full,7.720566749572754,7.540321350097656,6.681735515594482,8.139995574951172
mureka_bf3d7391-37f1-4f24-bc07-af95fb81794c,mureka,cropped,7.564718246459961,7.670894145965576,6.026787281036377,8.367737770080566
mureka_bf9c0561-bc78-4a96-b6e2-226ed59cb81e,mureka,full,7.580111980438232,7.956032752990723,4.124038219451904,8.296351432800293
mureka_c00ccb00-8482-4e79-9c54-fefd5f406b9e,mureka,full,7.492895126342773,7.860141277313232,6.704621315002441,8.278754234313965
mureka_c14d75de-1864-473c-92a4-2e4d69700e8c,mureka,full,7.589078903198242,7.895781517028809,5.850830078125,8.502742767333984
mureka_c1635935-1264-4383-bd21-c099945d30d0,mureka,full,6.538792610168457,7.1949567794799805,6.07590389251709,7.618379592895508
mureka_c2e1be58-d476-4c4d-bfbd-cf7df16c54f3,mureka,full,7.411800861358643,7.879744529724121,6.916629791259766,8.33535099029541
mureka_c822e016-752d-483e-beb1-440e87792e3e,mureka,full,6.689208984375,7.636026382446289,6.82003116607666,7.947582721710205
mureka_ca450fbe-be99-4364-9440-b3382837f70f,mureka,full,7.717878341674805,7.876864910125732,6.584745407104492,8.218931198120117
mureka_cceae30c-7c21-4e25-a992-3e6223ad6109,mureka,full,7.810367107391357,8.054019927978516,6.869879722595215,8.366107940673828
mureka_cecd789f-64e9-4a26-818c-b1e571ad1e93,mureka,cropped,7.426443099975586,7.878472328186035,6.62393856048584,8.324745178222656
mureka_cf1f2a84-06d1-4733-957c-57e183ac5c3b,mureka,full,6.906604766845703,7.706709861755371,6.244752883911133,8.207135200500488
mureka_cf9d3b4b-2307-4839-99bd-ac1a317a254d,mureka,full,7.563875198364258,7.872828006744385,6.9296040534973145,8.380417823791504
mureka_d2587a6e-a6ae-4a4d-b526-730a33dfef19,mureka,full,7.325924396514893,7.641170024871826,6.828248500823975,8.31374740600586
mureka_d3401063-f652-45e0-889a-29ea8937ebff,mureka,full,7.661415100097656,7.993059158325195,6.910336494445801,8.44245719909668
mureka_d6ac69be-e141-4876-9247-320ae07a5ecf,mureka,full,7.478099346160889,7.7471466064453125,6.573061466217041,8.328567504882812
mureka_d95add86-f048-4708-8a39-6f5867a0daf1,mureka,full,7.734384536743164,7.915173053741455,6.322547912597656,8.36718463897705
mureka_dacdadb7-80a5-4dea-b857-400d6c9b43b8,mureka,cropped,7.19080924987793,8.04948616027832,5.757970809936523,8.351886749267578
mureka_ddd2c4aa-34c9-4d03-8460-6a27055e7419,mureka,full,7.187143802642822,7.7306694984436035,6.7834320068359375,8.20775032043457
mureka_debfd967-9c75-48fa-8f9c-6f1e8946b715,mureka,cropped,7.366077423095703,7.926710605621338,6.150910377502441,7.941468238830566
mureka_e0c357aa-384e-4c3c-b9c7-376f4947210e,mureka,cropped,6.8750762939453125,7.436534404754639,6.612035751342773,8.061434745788574
mureka_e23e59ed-5337-456f-97c8-d05ef0fff384,mureka,full,7.700207233428955,7.766928672790527,6.700417518615723,8.061140060424805
mureka_e422a58f-7f2c-4033-b3f6-0ed348e54963,mureka,full,7.5595927238464355,8.044883728027344,6.841906547546387,8.51080322265625
mureka_e80dabe4-08ef-4613-882b-bef2ce915a73,mureka,full,7.944956302642822,8.016937255859375,5.946743488311768,8.50468635559082
mureka_e8be8c51-e56f-4d3b-9923-58019bbe1cb6,mureka,full,6.892247676849365,7.696084022521973,6.1465935707092285,8.224987983703613
mureka_e8e60a33-1fc0-496e-a391-bbd7c34b9f4a,mureka,cropped,7.194222927093506,7.672918796539307,6.810552597045898,8.208434104919434
mureka_eae0e298-5403-41f7-a78b-22b93d849443,mureka,full,7.969821453094482,8.087410926818848,5.931396961212158,8.488704681396484
mureka_f25a67be-6876-4917-b9d2-12906971beaf,mureka,full,7.748048782348633,7.807401657104492,6.3409743309021,8.360052108764648
mureka_f648f785-f889-4e0c-86c4-de2d0d7746a7,mureka,full,7.0992255210876465,7.586141586303711,6.864041805267334,8.101445198059082
mureka_f6e269b4-9476-41b8-be71-38d33e17714e,mureka,full,7.523325443267822,7.7906494140625,6.225397109985352,8.384147644042969
mureka_f9ef4e54-1fbd-4c90-9070-d5ba8cf7a80f,mureka,cropped,7.182714462280273,7.883632183074951,6.698570251464844,7.950372695922852
mureka_fbee04eb-9d21-4629-b33d-8325c91be468,mureka,cropped,6.751626014709473,7.260773658752441,7.029594898223877,7.989651679992676
mureka_fcfe979b-27d2-4bb9-be17-63b129d078d6,mureka,cropped,8.058329582214355,7.950677394866943,5.750746726989746,8.458731651306152
mureka_fd4abec8-1438-419b-8a47-f0d754fca68f,mureka,full,6.657840251922607,7.649587631225586,6.454820156097412,8.117719650268555
sonauto_056d7bf2-4d55-4f0b-88fa-80be765fb727,sonauto,cropped,7.736201763153076,7.580384731292725,6.973513126373291,8.048887252807617
sonauto_09e4c296-4d80-4b05-b951-940c016ea490,sonauto,full,7.83710241317749,7.9277520179748535,5.604393005371094,8.318135261535645
sonauto_0b350d05-ee3b-4985-9640-9431d49899dc,sonauto,cropped,7.231948375701904,7.580574035644531,6.029566287994385,7.902564525604248
sonauto_0b42c2be-6c5b-4b43-8139-0281cdc7ca02,sonauto,full,7.177257061004639,7.462343215942383,5.768869400024414,7.77871036529541
sonauto_0c8da60d-46bb-4a7b-a4c7-fde859096d5d,sonauto,cropped,6.937802791595459,7.59266471862793,6.706384181976318,7.993291854858398
sonauto_115dad4b-ed5e-482c-b8de-af059f20eee1,sonauto,full,6.182408332824707,7.0368523597717285,6.73384428024292,7.064096450805664
sonauto_134c4e98-3162-42cb-aa2c-3324c13cd4bd,sonauto,full,7.737414836883545,7.894009113311768,6.928125858306885,8.28756046295166
sonauto_1470c7a9-3bb4-46db-9fe7-715e7585ee9b,sonauto,full,7.046555519104004,7.460489749908447,6.888379096984863,7.708714962005615
sonauto_14bc746e-e508-4c1b-840f-bfe475e28bda,sonauto,full,7.156558513641357,7.654641151428223,6.862401962280273,7.939095497131348
sonauto_1624df44-475b-44a6-8a43-d17d93b058a2,sonauto,full,7.527641296386719,7.836191177368164,6.053649425506592,7.951372146606445
sonauto_1ac618a0-078d-4b5f-8fc1-4e5817a0cef9,sonauto,cropped,7.025115966796875,7.584567546844482,6.888620853424072,8.021899223327637
sonauto_1b34ba0f-d9e1-461d-9dd8-cd6d6b433966,sonauto,full,6.765161514282227,6.620538711547852,6.511021614074707,6.863932132720947
sonauto_1c04fdd3-bd6b-4b97-87f6-e38a07831802,sonauto,full,7.062349319458008,7.801206588745117,6.480737686157227,8.212696075439453
sonauto_2017d07e-221b-4241-b6a6-6632081b152b,sonauto,cropped,7.37579870223999,7.722168922424316,6.142927646636963,7.777987480163574
sonauto_215c24cb-3124-4ea7-b056-dd0db349c857,sonauto,full,7.405861854553223,7.658242225646973,7.008702754974365,8.078185081481934
sonauto_27b74f1d-8930-423d-a5c8-302ac55b8fdd,sonauto,cropped,7.056920051574707,7.606966972351074,6.710158348083496,7.903468608856201
sonauto_27fcbf36-f573-40f9-b9a4-02c33f7fdcc6,sonauto,full,7.6336822509765625,7.74609899520874,6.691923141479492,8.407855033874512
sonauto_2927cf9e-4d34-4434-b13d-3667afec7d84,sonauto,full,7.676418781280518,7.857022762298584,6.8990631103515625,8.306859016418457
sonauto_29ebe67a-6b80-4b7f-b611-a4e905817919,sonauto,full,7.22112512588501,7.742667198181152,7.007586479187012,7.980907917022705
sonauto_2a00fc35-82bd-4716-b327-4f4b6367cbb5,sonauto,full,7.42592716217041,7.836550235748291,7.027299404144287,8.2454833984375
sonauto_2b9805ad-faa3-4e01-8338-234fa454619b,sonauto,full,7.197598934173584,7.716315269470215,6.68996000289917,8.117606163024902
sonauto_2bd89fb2-74f2-441d-8543-ba2d9ea52f5d,sonauto,full,7.454470157623291,7.69699764251709,6.3398637771606445,8.16100788116455
sonauto_2d7482f3-cf56-4e7c-8adf-9fce8b3dc8af,sonauto,full,7.523238182067871,7.65306282043457,7.066835880279541,8.139744758605957
sonauto_2f6ce595-163e-4e75-a8ae-ac3024f476c8,sonauto,full,4.510594844818115,5.230671405792236,1.7285547256469727,6.843573570251465
sonauto_3432adb8-b3f5-450f-a79e-a7ac8e5c5387,sonauto,full,7.531427383422852,7.712047100067139,6.7629804611206055,8.129958152770996
sonauto_37834863-5026-4708-b15c-90c130acde98,sonauto,full,7.747330665588379,7.72959041595459,6.9984893798828125,8.2818603515625
sonauto_380b5300-36f7-47d0-995a-ad28134d7dcc,sonauto,full,7.289307594299316,7.6301422119140625,6.57516622543335,8.086896896362305
sonauto_382f815b-7771-4591-811b-fb1f70a9f726,sonauto,cropped,8.026342391967773,7.744725704193115,6.6737446784973145,7.885172367095947
sonauto_3bb2f0fe-734f-48c2-8417-8e77db08d5d5,sonauto,full,7.179851055145264,7.007524490356445,6.898304462432861,7.274318218231201
sonauto_3cbc67fc-f9ac-4acf-b7a6-25888292b0c3,sonauto,full,7.049431800842285,7.336240768432617,6.86582088470459,7.849575519561768
sonauto_3d0ed3cc-0d41-4577-b131-59dffa9b3de8,sonauto,cropped,7.795878887176514,8.136441230773926,5.997982978820801,8.003146171569824
sonauto_3d178ce8-aec1-4462-a004-0dcce8efc669,sonauto,full,5.7324042320251465,6.141804218292236,1.6908683776855469,6.910166263580322
sonauto_407e337b-9ec8-42c1-9e1c-f0781f47a24b,sonauto,full,3.126736879348755,4.585673809051514,4.03308629989624,5.499323844909668
sonauto_4543de1b-e942-4664-ad23-b3914c0c0890,sonauto,full,8.061699867248535,8.138788223266602,6.917701244354248,8.508316040039062
sonauto_45e3f1d3-7283-4e76-ac18-9c2e494582c4,sonauto,full,6.776895999908447,7.282761573791504,6.803635597229004,7.81784725189209
sonauto_48fcf099-68bc-45cd-81f4-ea6eabf98ac0,sonauto,full,7.60172176361084,7.733326435089111,4.096525192260742,8.153501510620117
sonauto_4b48d89d-c256-4506-97ce-70f037db4177,sonauto,cropped,7.0816426277160645,7.753144264221191,6.6691670417785645,8.343085289001465
sonauto_4cfa339a-4243-425e-8a31-2db0a93c9a95,sonauto,cropped,7.688432693481445,7.846576690673828,5.518744945526123,8.358382225036621
sonauto_4d20e479-b1e1-44b5-b4e8-8df50d24f824,sonauto,full,7.693662166595459,7.818273067474365,6.875704765319824,8.298519134521484
sonauto_4de04b55-b004-40b0-b05c-df6c07ee0814,sonauto,full,6.998976230621338,7.810081481933594,6.5349602699279785,8.319784164428711
sonauto_50c28f25-d83e-4bdb-b3ac-15571f947338,sonauto,full,7.543112754821777,7.8539276123046875,6.936559677124023,8.25804328918457
sonauto_51579dcb-caf6-49e4-bfbd-d5f4c82759a8,sonauto,full,7.654140949249268,7.842129230499268,6.51518440246582,8.17165470123291
sonauto_515f503d-142a-49aa-84b4-22ef528dfbad,sonauto,full,7.642568111419678,7.796117305755615,6.884622573852539,8.175838470458984
sonauto_5478a20a-5e10-4d16-b9cd-ad439de63286,sonauto,full,7.690791606903076,7.859049320220947,6.904971122741699,8.286211013793945
sonauto_59d3a8a8-b3f0-4a95-ac63-ee8898bcefcb,sonauto,full,5.76981258392334,7.144722938537598,6.783905982971191,7.4428229331970215
sonauto_5b91be18-182e-4f46-87ac-ef4fac308e58,sonauto,full,7.502228736877441,7.720004558563232,7.001772403717041,7.917514324188232
sonauto_5c8af0ed-fcf2-4561-9167-5961fa88980e,sonauto,full,7.516127586364746,7.871762752532959,5.887258052825928,7.719250202178955
sonauto_627c3f01-8cd5-40eb-8421-a8215fdccb40,sonauto,full,7.76218843460083,8.020191192626953,6.265675067901611,8.16934871673584
sonauto_651dd80b-cbcc-4165-b50d-7d0cd1e414d9,sonauto,full,7.778807640075684,7.689253807067871,6.213460922241211,8.253457069396973
sonauto_682e3c45-ea23-42f1-8763-f2a6417f3362,sonauto,full,7.546629905700684,7.617170333862305,6.842133045196533,8.248102188110352
sonauto_69db8efa-820f-4d70-9de3-083e6d976e17,sonauto,full,7.156914710998535,7.729764938354492,6.199522972106934,7.571283340454102
sonauto_6ac94616-c49d-4990-a225-349767218f53,sonauto,full,7.302217483520508,7.540555477142334,6.627987861633301,7.212544918060303
sonauto_6b2e00f7-cd9b-4ed4-bfb4-04d89cf1fe7f,sonauto,full,7.759660720825195,7.6017913818359375,4.538761615753174,8.18308162689209
sonauto_6cc00238-e6b3-42ab-af0c-5c7b4184fe23,sonauto,cropped,2.6672754287719727,4.13053035736084,3.8664040565490723,4.9040751457214355
sonauto_6e018c4b-97c1-484d-9acd-4f3acdd5a8a1,sonauto,full,8.08358097076416,7.802036762237549,6.552971839904785,7.417539596557617
sonauto_71281fa5-8db8-450c-a4a7-b35209f3992e,sonauto,full,5.733408451080322,6.6080403327941895,6.5251240730285645,6.766562461853027
sonauto_723957e4-b220-4c55-a833-a4842aa00f62,sonauto,full,6.697854995727539,7.097233295440674,6.85065221786499,7.33038854598999
sonauto_740c7d51-7e69-48bb-b35b-48a3101407e1,sonauto,full,7.333761215209961,7.18883752822876,6.684787273406982,7.414547443389893
sonauto_74be7dc6-eaad-4522-b8b4-14ca1512b1b6,sonauto,full,7.1567559242248535,7.564027786254883,6.564833641052246,8.050945281982422
sonauto_78c2ded1-4a9b-4d67-80f3-de80fd568140,sonauto,full,6.594491004943848,7.522001266479492,6.4535136222839355,7.466086387634277
sonauto_7c82ffd9-f571-42f1-a394-04b961a198bd,sonauto,cropped,7.846862316131592,7.928592681884766,6.776177406311035,8.48063850402832
sonauto_7ce13423-29b4-4376-8981-98dd231ad456,sonauto,full,7.335071086883545,8.09935474395752,5.640315532684326,8.020661354064941
sonauto_7d839a28-379c-4784-8e86-254df13478c2,sonauto,full,7.275760173797607,7.419857501983643,7.106882572174072,8.07364273071289
sonauto_7ed3cafa-5c36-41c5-90d5-9034d4f6be33,sonauto,full,7.2228240966796875,7.367734432220459,6.909487247467041,7.762456893920898
sonauto_829f7fbd-0066-4900-a484-681037bfc92c,sonauto,full,8.154817581176758,8.330526351928711,5.439847469329834,8.343318939208984
sonauto_82bb5c66-99c6-4f5c-9026-c879e4e53d71,sonauto,full,7.56743860244751,7.697417259216309,6.934731483459473,7.913878440856934
sonauto_82ff4632-7349-406d-9bf3-1d3b1e0fa113,sonauto,cropped,6.885853290557861,7.279808044433594,6.938236713409424,7.4680705070495605
sonauto_84133bca-1f84-4acc-ab64-a72b9d16ab5a,sonauto,cropped,7.371219635009766,7.318330764770508,6.987916946411133,7.776133060455322
sonauto_8517da19-db16-4d23-9801-4d2063a35604,sonauto,full,7.620279788970947,7.174692153930664,6.104179382324219,7.61714506149292
sonauto_87d15498-1c99-4e44-a608-f98e8e6d0d4e,sonauto,full,7.970588684082031,8.176936149597168,3.9847450256347656,8.323599815368652
sonauto_8c6d4dfc-b0ad-40e8-9b8a-8fc8b5812c4e,sonauto,full,6.824313640594482,7.537835121154785,6.418951034545898,7.548160076141357
sonauto_8c9f764e-64cc-4785-85fd-cdabe17894ff,sonauto,full,7.578192710876465,7.699963092803955,6.023038864135742,8.057464599609375
sonauto_8e2ea1bd-bc8b-4e42-9bcf-5d1e5499ffd5,sonauto,full,8.029104232788086,7.981568336486816,5.8563971519470215,7.999628067016602
sonauto_9df3032f-d9ce-4795-bdeb-ede2fcff5d9a,sonauto,cropped,7.705105304718018,7.907172679901123,6.819007873535156,8.26779556274414
sonauto_a2d1a203-2e7c-4fdc-af10-cc2ff08b46cc,sonauto,cropped,6.72136926651001,6.908390045166016,6.72738790512085,7.037435054779053
sonauto_a371b42b-efbd-42ac-a0bf-fcfe4a29f1a8,sonauto,full,7.772337913513184,7.953074932098389,6.855585098266602,8.472208976745605
sonauto_a4442166-d41c-42c7-ad0a-28ce7ea2d42e,sonauto,full,7.696309566497803,7.673394203186035,5.407179832458496,8.372174263000488
sonauto_a464f1ca-a8e3-434f-bd0b-0cb86c175dd0,sonauto,full,7.0277557373046875,7.600672245025635,6.421923637390137,7.912073612213135
sonauto_a63ac5c0-2898-453e-a7fe-a0a118c75441,sonauto,full,7.9232635498046875,7.996254920959473,5.4093780517578125,8.39017105102539
sonauto_af7f34b8-aa88-4cbe-ac52-9d13882e03ac,sonauto,cropped,7.937972545623779,8.28895092010498,6.019920825958252,8.558917045593262
sonauto_b0a386de-802a-4082-9e0b-a20ad939e278,sonauto,full,7.59459114074707,7.696402549743652,6.282896995544434,8.403446197509766
sonauto_b5feb841-a17d-4630-a4ab-6b7930deab0a,sonauto,full,7.491905212402344,7.770449161529541,6.8929123878479,8.01397705078125
sonauto_b6f219e6-e290-4e72-aa96-e330e833c85c,sonauto,full,7.639542579650879,7.594511032104492,4.976156234741211,7.997772216796875
sonauto_b7b97635-4be7-4eb1-b35f-36fe674a180d,sonauto,full,8.095553398132324,7.873625755310059,6.2851996421813965,8.460918426513672
sonauto_bbf04618-f9ee-4ace-88c0-bee03c36a2f2,sonauto,full,7.638208866119385,7.9357733726501465,6.964108943939209,8.46320629119873
sonauto_bd0d0326-138a-415d-b564-37322e3132c6,sonauto,cropped,7.072402477264404,5.300612926483154,6.937282085418701,6.793405532836914
sonauto_c211e32c-a1b4-4017-acdf-32a32fb62ae4,sonauto,full,7.341594219207764,7.474647521972656,6.7090630531311035,7.78289794921875
sonauto_c5c93d94-8709-4153-a8cb-ed8fdec8f55b,sonauto,cropped,7.658624172210693,8.07694149017334,6.391480922698975,8.120096206665039
sonauto_c85c22f1-c044-44d3-a16d-a1af1b52e905,sonauto,full,7.303144454956055,7.668915748596191,6.858272552490234,8.014277458190918
sonauto_c9b2250a-b431-470d-9cb4-bec5eb0f9e2d,sonauto,full,7.804543495178223,8.015728950500488,6.244847774505615,8.463349342346191
sonauto_cb96b176-6fdf-4edd-8261-f72a678520a3,sonauto,full,7.171056747436523,7.5750298500061035,6.606241703033447,7.875144004821777
sonauto_cc27a6b9-dc71-4d56-9b8f-983a18ac06bc,sonauto,full,7.66605806350708,8.031967163085938,7.018911361694336,8.329944610595703
sonauto_ce199ea6-a2b8-4ff0-9d4f-9aa43eed644d,sonauto,full,7.524829387664795,7.707403182983398,5.943879127502441,8.37192440032959
sonauto_ce59f7ba-67e2-4592-a6f9-c5f9d5ac4d7e,sonauto,full,7.524802207946777,7.687347412109375,6.660650730133057,8.006280899047852
sonauto_ce741575-07bb-41ee-97b5-e0ae0a22af7f,sonauto,full,6.692941665649414,5.81098747253418,7.051605701446533,6.583468437194824
sonauto_ceff306a-55e2-42ee-9068-b0d2ce1d8ccc,sonauto,full,7.375612735748291,7.226748943328857,6.971754550933838,8.005376815795898
sonauto_cf04c05e-dc8f-47d1-a5cf-11f425f39f3f,sonauto,full,8.006170272827148,8.364988327026367,5.704970836639404,8.465866088867188
sonauto_d3ca2b09-1ff7-458f-b9a4-dd1c4375683f,sonauto,full,7.749697208404541,7.9182891845703125,6.629799842834473,8.198153495788574
sonauto_d6339f0b-283b-45c6-bee5-15ecc55cc045,sonauto,full,6.887274742126465,7.781009197235107,6.17230224609375,7.764371871948242
sonauto_d72669c6-def2-4abc-8b5f-ef9397448975,sonauto,full,6.9983930587768555,7.487906455993652,6.59874153137207,7.86848783493042
sonauto_d91842cb-da59-4302-a4b5-829039451ae7,sonauto,full,7.563157081604004,7.933096885681152,5.924034595489502,8.373278617858887
sonauto_d926d923-f2de-4f52-9271-f41735c92dd9,sonauto,full,6.417056560516357,7.12829065322876,6.8997483253479,7.141874313354492
sonauto_d9979f8c-f512-4406-ac3a-78e79622d71d,sonauto,full,7.279385089874268,7.669614791870117,5.962758541107178,8.066883087158203
sonauto_dcef8efb-aa49-4001-a1ca-09bb051acdeb,sonauto,full,7.76027250289917,7.8557891845703125,6.23621129989624,8.244479179382324
sonauto_de475fe7-059a-4544-8a63-8fe7250eae73,sonauto,full,6.069072246551514,6.739831924438477,6.784419059753418,7.09342098236084
sonauto_e167ec83-38e7-4838-aad2-a8347e6c9c5d,sonauto,full,7.66422700881958,8.030047416687012,6.6509552001953125,8.17348575592041
sonauto_e3fda1d2-54f7-4c68-8b57-3a71f1f9473a,sonauto,cropped,8.003334999084473,7.926531791687012,6.747183322906494,8.442575454711914
sonauto_e708fa92-dc8f-4789-9f1b-bdf1062ad2d1,sonauto,full,6.01511812210083,7.98984956741333,5.871108055114746,7.904408931732178
sonauto_ee74a7ae-7419-4434-8947-e12f3abece2b,sonauto,full,5.8963303565979,6.73531436920166,6.59639310836792,7.0203633308410645
sonauto_f06cc0b5-2dc0-4772-a708-3eba1ff0a4f5,sonauto,full,7.247960567474365,7.711121559143066,5.895632266998291,7.780213356018066
sonauto_f107894d-dd3e-4896-a1d7-2cff1e10ecee,sonauto,full,7.479730606079102,7.705098628997803,6.802995681762695,8.197773933410645
sonauto_f29e853f-3e2f-44e8-9c32-bc2c5e2cceeb,sonauto,full,7.604824542999268,7.6185784339904785,6.89331579208374,8.076308250427246
sonauto_f34c09cf-8646-41c7-95a7-39664f9b8c51,sonauto,full,5.70683479309082,7.56335973739624,6.014928340911865,7.402490615844727
sonauto_f3676465-7d32-4e44-8a71-c9e29835cebd,sonauto,full,7.481061935424805,7.918820858001709,6.934075355529785,8.272637367248535
sonauto_f5b31fde-9947-4828-88bf-05e058820744,sonauto,full,7.131004333496094,7.786044597625732,6.865396022796631,8.176877975463867
sonauto_f68607c9-827e-4614-a540-6ff224c54eba,sonauto,cropped,7.7782673835754395,7.795917510986328,6.5803070068359375,8.340544700622559
sonauto_f858fbb8-0beb-495e-98e2-3593e24227d7,sonauto,full,7.671162128448486,7.997114181518555,6.047059535980225,8.362394332885742
sonauto_f873d7d4-46d2-4c30-acab-edbafafb7ec2,sonauto,full,7.620203018188477,7.83553409576416,6.261310577392578,8.029813766479492
sonauto_f918360c-6fda-462c-afdc-8b943f01817f,sonauto,full,7.463196754455566,7.515909671783447,6.47231388092041,8.01620101928711
sonauto_fc0955da-48db-4e14-ab82-f78c82ee70b0,sonauto,full,7.708917617797852,7.881978511810303,6.88347053527832,8.399560928344727
sonauto_fc2bc575-ca9b-45ec-9bc8-59798eae47fb,sonauto,full,7.441469669342041,7.860342979431152,6.493936538696289,8.06473445892334
sonauto_ff552783-86ef-428f-b8b6-383f2395b78b,sonauto,full,6.924391746520996,7.788299560546875,6.4053449630737305,7.932095050811768
suno_00e212c1-87ad-4508-a27c-8065a166f04d,suno,full,7.792102336883545,7.94434118270874,6.054971694946289,8.28003978729248
suno_02677d21-bd40-4ddb-98ec-910dbb06bd5d,suno,full,5.7492194175720215,6.737588882446289,6.72355842590332,6.5138702392578125
suno_03276154-8999-4791-a938-6437b9190000,suno,full,6.98769998550415,7.6256103515625,6.818492889404297,7.995504379272461
suno_03b8bc93-111e-47a5-b28f-1b9d46bd388a,suno,cropped,7.612183570861816,7.810851573944092,7.099911689758301,8.349146842956543
suno_0532c2a3-9316-4d66-82fc-eef983e2ecae,suno,full,7.011651039123535,7.613500118255615,6.612863540649414,7.585335731506348
suno_06a126f5-b9f1-4e2d-a6e9-954144cc12a7,suno,full,7.676200866699219,8.23054313659668,5.693752765655518,8.420077323913574
suno_08a2a0f0-863c-4f05-8094-794c52df942c,suno,full,7.159327030181885,7.620687007904053,6.611113548278809,7.929496765136719
suno_09267201-4a96-431d-9260-0c6ee891339d,suno,full,7.097527503967285,7.449759483337402,6.828726768493652,8.02719497680664
suno_096b791e-61d1-48db-95c0-dce63b4b74c7,suno,full,7.562428951263428,7.817535400390625,6.729658126831055,8.250479698181152
suno_09ce2fdb-5252-41e7-b7d2-f489a7fa1089,suno,cropped,7.110180377960205,7.558964252471924,6.8697662353515625,7.976797580718994
suno_0ddb04e3-dbf2-402f-9044-ddb0db98cc67,suno,full,6.305474281311035,7.482601642608643,6.776528358459473,7.15972375869751
suno_10689fdc-12af-49ba-a581-692e50e7ff17,suno,cropped,7.151358127593994,8.132081031799316,5.380829811096191,8.235295295715332
suno_1120719b-a905-4e13-80ba-93e13a196df9,suno,full,6.99602746963501,7.55722713470459,6.677281856536865,7.725289344787598
suno_13ac0aa5-07ab-40a5-b610-21ddb1524d83,suno,full,7.736800193786621,8.053791999816895,6.947225570678711,8.445792198181152
suno_148551e8-fcf0-4736-8c21-7f956665c065,suno,full,7.699112892150879,7.885081768035889,6.229382038116455,8.179523468017578
suno_1783c864-18fb-440f-bc51-15701a19e4b5,suno,full,6.072623252868652,7.103618144989014,6.408117294311523,6.482097148895264
suno_1786c0bd-d8e5-4713-801d-706f5e1ef153,suno,full,7.185954570770264,7.823816776275635,6.95744514465332,7.909857749938965
suno_1a042042-b5d5-43e3-8b50-965d1ec0e303,suno,full,8.083606719970703,7.96467399597168,5.396200180053711,8.502513885498047
suno_1b30d18b-9bc6-4d28-86f2-8eb2ae9d4534,suno,full,7.71284818649292,7.885132789611816,6.8271660804748535,8.3333101272583
suno_21fe854c-2c26-4a94-96f5-a26daf4301bf,suno,full,7.992714881896973,7.977744102478027,6.865468502044678,8.393131256103516
suno_2205950f-3e78-4253-8e57-864117f1d6f0,suno,full,7.053807735443115,7.207167625427246,6.6750617027282715,7.694582462310791
suno_23bc6b66-a154-4694-865b-feb00796bcfd,suno,full,7.800815105438232,8.191516876220703,5.5068206787109375,8.256168365478516
suno_25188f55-b8a5-4815-95f9-76732c8d207d,suno,cropped,7.284808158874512,7.726160526275635,6.5538153648376465,8.051948547363281
suno_2655b474-ea9c-4f25-a99b-2659b1b18a25,suno,full,6.2400970458984375,7.237537860870361,6.734076023101807,7.505107879638672
suno_29d8aab5-8893-4ba3-bcfb-2c3b4c0dc389,suno,cropped,7.857544898986816,7.624316692352295,6.739643573760986,7.932790756225586
suno_2e44d2d8-acae-41c3-9a9e-f469478186b8,suno,full,7.816365718841553,7.889878273010254,6.527403354644775,8.30453109741211
suno_334f061e-ffe3-4aad-a2ce-09ff1ac217eb,suno,full,6.859088897705078,7.417102336883545,6.646708011627197,7.535236835479736
suno_3a85c7e8-e001-4319-ac0c-93b95c69bc88,suno,full,7.50667667388916,7.673470497131348,6.055601596832275,8.265029907226562
suno_3c246145-5ed8-4f0d-995b-711e554229d7,suno,full,7.0349040031433105,7.690210819244385,6.525703430175781,7.698060989379883
suno_3df981a9-e176-4927-9695-3c04c5c41b95,suno,full,7.79018497467041,7.838662147521973,6.947064399719238,8.389790534973145
suno_401be958-76c4-454f-a048-68579bc38c5f,suno,full,6.920133590698242,7.5072808265686035,5.986202716827393,7.754565715789795
suno_4391593d-0e1d-4698-8835-2b00188e6a69,suno,cropped,7.080072402954102,7.689215183258057,5.023359298706055,7.552229404449463
suno_43a5a24c-e26e-4843-b7ae-6ad7b695a610,suno,full,7.8458123207092285,7.912354469299316,5.995458126068115,8.226191520690918
suno_468d9eb4-a4f5-4777-950a-7f30e55b9154,suno,full,7.019417762756348,7.530802249908447,6.449014663696289,7.600962162017822
suno_4a0c77ef-00f4-4637-bc2c-36a1c4ecc97b,suno,full,7.049925804138184,7.881940841674805,5.979698181152344,7.937438011169434
suno_5029d7e1-5cdf-4868-965c-fd2318815867,suno,full,7.496941566467285,7.901175498962402,6.513466835021973,8.349395751953125
suno_524dd0c0-c4e3-4c94-9968-aaa7c93c6fbc,suno,full,7.163339614868164,7.52691125869751,6.817690849304199,8.005704879760742
suno_5341eaf9-1c75-4f10-9181-f8d80ffb5aca,suno,full,7.396146774291992,7.79768705368042,6.732728004455566,8.001534461975098
suno_545e9df0-5543-41c8-8209-6a86a97518cf,suno,full,7.939726829528809,8.126015663146973,6.669122695922852,8.635153770446777
suno_5acff6d2-ec21-4a67-ae15-37ce8192c27f,suno,full,7.350625038146973,7.722445964813232,7.149102210998535,8.039280891418457
suno_6004fce0-0115-4fa7-b0c5-6ba50117d053,suno,full,6.521546363830566,7.36362361907959,6.376445293426514,6.83424186706543
suno_61af6c62-22c8-4acc-9ff5-5d50d675cad6,suno,full,6.5160746574401855,8.028093338012695,5.204078674316406,8.026996612548828
suno_63ea6eda-f68d-49e8-9170-d1e943b55752,suno,full,7.354528427124023,7.75417423248291,6.56900691986084,8.00645637512207
suno_662546f8-9623-4623-be8f-10b287985ec4,suno,full,7.611733436584473,7.9093475341796875,6.681684494018555,8.33695125579834
suno_6870ffad-e286-4dd5-9548-d7db37043105,suno,full,7.492409706115723,7.877439498901367,7.016542434692383,8.152896881103516
suno_687d7b5b-9f6e-41d5-8b22-fe8cb3ed0f56,suno,full,7.476545333862305,7.891056537628174,7.007596969604492,8.407869338989258
suno_68c45d52-e2c9-43c6-896e-58ac2d8beae5,suno,full,6.604436874389648,7.288909912109375,5.843537330627441,7.478757858276367
suno_6b46ad43-da7d-4f65-8cfb-8352458f4e45,suno,full,6.606392860412598,7.192160606384277,6.880110263824463,7.055870532989502
suno_6d06e057-15a4-4897-81eb-b160cb1ab063,suno,full,6.969281196594238,7.34044075012207,6.302875995635986,7.487019062042236
suno_6d31c679-06cf-498d-b34b-0d2f57b305da,suno,cropped,7.418320655822754,7.743307590484619,6.109095573425293,8.06146240234375
suno_6da3d88e-8eb4-4d63-a8a4-7dd51ddaa8b7,suno,full,6.0917439460754395,7.131237506866455,6.480549335479736,7.297241687774658
suno_70dec259-aa01-4880-8fae-76bbd4c8df8c,suno,cropped,8.000578880310059,8.03873348236084,6.56067419052124,8.464471817016602
suno_721b7d16-3f33-41fe-8eee-dfc4a41cade5,suno,full,7.4458160400390625,8.010659217834473,6.2743916511535645,8.285826683044434
suno_729598f9-d69f-4053-8e98-cebac9ee29e0,suno,cropped,7.673588275909424,8.0062255859375,7.039370536804199,8.489319801330566
suno_73431ae3-14ca-4330-b850-66afde76fb67,suno,full,7.422518253326416,7.692130088806152,6.541402339935303,8.291414260864258
suno_7374ad30-05a8-401a-9863-f2d928516e58,suno,full,6.289658546447754,7.379210948944092,6.177074432373047,7.399622440338135
suno_757a8be0-2d5d-435a-b4fb-2728fb17b459,suno,full,6.801706314086914,7.458980083465576,6.617175579071045,7.598464012145996
suno_78d5db29-5691-4241-820e-3cff9706310f,suno,full,7.576621055603027,8.013405799865723,6.874138832092285,8.269145011901855
suno_79471cb6-907f-488a-affd-a984c18f3028,suno,full,6.917673110961914,8.096641540527344,5.254921913146973,8.070175170898438
suno_7a44611a-bf54-4937-8156-b340ae931def,suno,full,7.970146179199219,7.946406841278076,5.4312424659729,8.362274169921875
suno_7c06f924-6c63-4900-9cfb-7590442cda47,suno,full,7.628849506378174,7.755830764770508,6.921469688415527,8.272618293762207
suno_7c6d68ba-2c0b-4c70-8ba0-7c27885157dc,suno,full,7.674829959869385,8.08288860321045,6.8764495849609375,8.373733520507812
suno_80afd5e9-a7ac-446c-a9b2-ed5e492335f7,suno,cropped,7.825888156890869,7.918638229370117,6.925368309020996,8.428421974182129
suno_813d6c02-3123-4731-9913-58dc6d2d3da6,suno,full,6.957047462463379,7.611409664154053,6.954161643981934,7.753512859344482
suno_82815282-fe11-4294-8479-7f85d3749818,suno,full,5.990999221801758,6.674295902252197,4.7742018699646,6.865077495574951
suno_82c4091e-c092-48d4-b279-c4a01db5e8a4,suno,cropped,5.948727607727051,7.126911640167236,5.950347423553467,7.526832103729248
suno_849ae9bf-c3cb-4627-91d6-108483036035,suno,full,7.788403034210205,7.79008150100708,5.883694171905518,8.105716705322266
suno_87b138c5-137c-4031-9a1c-be950f88e892,suno,full,7.849199295043945,8.181896209716797,5.172565937042236,8.24001693725586
suno_8aa1c55b-5014-42e1-9079-098c07f64bb5,suno,full,8.072579383850098,7.966216087341309,6.316015720367432,8.44851303100586
suno_8d138555-9bbd-4f78-b079-123d5952e29e,suno,full,7.457708358764648,7.822547912597656,6.849974632263184,8.274402618408203
suno_8dc2c1f3-213d-4503-84e2-65216085cc9a,suno,full,6.623948097229004,7.651525020599365,5.689470291137695,7.834521770477295
suno_8f0c098f-321c-4f47-a4a6-21e4116d6483,suno,full,6.636749267578125,7.507658958435059,6.528980731964111,7.701550006866455
suno_8fc96b04-9dcf-4d55-b0c2-d464607dd21e,suno,cropped,7.634221076965332,7.7694220542907715,7.089323997497559,8.298912048339844
suno_90777b2e-4475-4b52-a26b-e10efb6fcc00,suno,cropped,7.139447212219238,7.908438205718994,6.665288925170898,8.034626007080078
suno_90f7405a-956e-4eae-a581-a96da8d988c3,suno,full,7.732516765594482,8.022740364074707,6.988045692443848,8.500064849853516
suno_9571e55d-1660-4f47-b5a1-a48f4a19ea5f,suno,full,7.23746919631958,7.915560245513916,7.009637355804443,8.193376541137695
suno_96a5c913-7990-49f5-88bf-10bfc0498bc1,suno,cropped,7.740746021270752,7.667998313903809,6.236848831176758,8.140896797180176
suno_96cc037f-d8b6-4789-b1f7-7bc5042a7164,suno,cropped,6.9233245849609375,7.4005513191223145,5.897427082061768,8.078500747680664
suno_9a7fd58e-132c-4ac5-9a25-f40d7f6f8c9f,suno,full,7.611241817474365,7.39680290222168,6.020538330078125,8.107831954956055
suno_9cd7f8cc-d9e5-4d10-b1a0-3b5fad2418c5,suno,cropped,8.041810035705566,8.053099632263184,6.045832633972168,8.512469291687012
suno_9fe9a266-6cef-46ca-bbdd-48fa9db7c7ca,suno,full,7.54162073135376,7.922659873962402,4.50984525680542,7.971094131469727
suno_a07fbd94-16a5-4c07-bfe2-53cbb7651873,suno,full,7.568406105041504,8.11644172668457,4.011781692504883,7.980867385864258
suno_a16c8ece-e811-43ed-8699-23a3fea3a108,suno,full,7.007510662078857,7.822336673736572,6.512092590332031,8.040816307067871
suno_a1cf5295-ef60-497e-b526-8eec16975e8c,suno,full,6.843621253967285,7.70076847076416,6.877870082855225,7.708268165588379
suno_a6ba0d7e-bc99-4331-a8a3-c0f41138a7c6,suno,full,7.550609111785889,7.926060199737549,6.761220455169678,8.200007438659668
suno_a6d1f000-e46c-4f22-84d5-0142a91bcf81,suno,full,7.8931145668029785,8.155068397521973,6.428674697875977,8.508872032165527
suno_a89f9227-0d00-4f51-8e5b-366545549825,suno,full,7.7486572265625,8.05113410949707,6.896030426025391,8.406116485595703
suno_afef6b8b-05d1-445e-b9e9-44b6ed684420,suno,full,7.152135372161865,7.677496910095215,6.407471179962158,7.88988733291626
suno_aff9db3a-c032-4d21-8501-a6bf095a3401,suno,full,7.146181106567383,7.462405681610107,6.835852146148682,8.114203453063965
suno_b0fb9dc7-6fd2-4e98-a67d-ca6f2dd523a9,suno,cropped,6.062719345092773,6.7769646644592285,6.838258743286133,7.129605770111084
suno_b1166bfa-00cb-4be1-bb0d-0eeb6f409d32,suno,full,7.894014358520508,8.184982299804688,5.771520137786865,8.159509658813477
suno_b23f3e57-bf94-49ce-90a0-a5af15ac53df,suno,full,6.572227478027344,7.163352012634277,5.417666435241699,7.439159870147705
suno_b38585fa-74e7-4a1d-b2db-3487f086cf46,suno,full,7.854780197143555,8.025906562805176,6.08058500289917,8.311835289001465
suno_b3e5cfe2-d1d8-454f-958b-c69c86e1f751,suno,full,6.149453163146973,6.9980950355529785,6.859735488891602,6.900324821472168
suno_b42be74c-ea65-46f2-a8cf-8e7cc2fd8d13,suno,full,7.992704391479492,7.88596773147583,6.735562324523926,8.458148002624512
suno_b72eea2e-32a1-4d7e-b5d6-5ddd1e6d11c3,suno,full,7.095677375793457,7.831812381744385,6.8789896965026855,8.021478652954102
suno_b7d343b2-bf17-4378-bd58-b8c5e2904d2c,suno,cropped,7.8052544593811035,7.615060329437256,6.841655254364014,7.911986827850342
suno_bdb4c675-dd79-4359-a819-65de4b35d834,suno,full,6.655939102172852,7.453071594238281,6.507411479949951,7.994021892547607
suno_be665c0b-38f1-42e7-82c2-b786702ca2da,suno,full,7.109654903411865,7.846030235290527,6.866728782653809,8.24935245513916
suno_c0f361e2-19ce-4c41-ab07-a2491e2594b8,suno,cropped,7.5050787925720215,7.991408348083496,6.986720561981201,8.248908996582031
suno_c635c57c-2886-4df8-bcca-1516ad9cee9a,suno,full,7.888802528381348,7.889028072357178,6.631877422332764,8.391886711120605
suno_c7f9d400-9d34-422d-95fd-dd1c94d91947,suno,full,8.0139799118042,7.947940349578857,6.415280818939209,8.395591735839844
suno_c802a04e-2422-4718-8801-4748175ad171,suno,full,7.601404666900635,8.067228317260742,6.517169952392578,8.365962982177734
suno_cc2b8b85-f8ed-40a4-9689-4d2f5f770682,suno,full,7.7814788818359375,8.07194709777832,6.789702415466309,8.444961547851562
suno_cfe692a1-a07e-4247-9cc3-114c8a8fac1e,suno,full,7.754556655883789,7.764029502868652,6.430747985839844,8.369604110717773
suno_d4991bdd-0218-4b5a-913f-2f2d5e705a73,suno,full,7.437430381774902,7.97840690612793,6.884583950042725,8.292041778564453
suno_dba1d9a0-5040-4e87-bc9f-bf3f68e8ad3d,suno,full,7.731664180755615,7.791054725646973,6.301877975463867,8.290766716003418
suno_dd1f01fc-6748-44ff-a195-71dff8c33f5d,suno,cropped,7.695923328399658,8.049680709838867,5.657404899597168,7.791431427001953
suno_dda4a854-0af9-455f-8500-12c847d347e0,suno,full,7.790182113647461,8.023566246032715,6.440597057342529,8.265846252441406
suno_dee935f3-edec-4821-b706-c07a7c34d1fd,suno,cropped,7.8115434646606445,8.33979320526123,5.928924560546875,8.497282981872559
suno_deff818a-219b-4857-8438-f03e625db42d,suno,full,7.4167633056640625,8.07953929901123,6.5283684730529785,8.339229583740234
suno_e19acbfb-ad8d-4feb-836f-d6eece629f27,suno,full,7.895445823669434,7.8255438804626465,5.818639755249023,8.300403594970703
suno_e39870ac-dab2-4990-a8a7-0a93032991db,suno,cropped,6.804104804992676,7.605541706085205,6.890049457550049,7.89316463470459
suno_e7d0cd41-4eba-4ef2-8c2c-72b46b77c7a8,suno,full,7.736401081085205,7.861186504364014,6.465595722198486,8.38611888885498
suno_e88a8569-b010-4ea5-9561-4a2b4e9acba5,suno,full,7.75977897644043,7.881564617156982,6.334351539611816,8.437578201293945
suno_ec05f523-edc2-483d-b1f1-1d927ae825e2,suno,cropped,8.051994323730469,8.040525436401367,6.512659549713135,8.54749584197998
suno_ed82665f-00c0-405c-93b2-0479d48b8bb4,suno,full,7.965230464935303,8.008243560791016,5.903175354003906,8.439926147460938
suno_eefa1a6c-3891-41e4-93c3-29b6f56a05c4,suno,full,7.296730995178223,7.34342098236084,6.681666851043701,7.56608247756958
suno_f04d87c3-6d38-4884-b654-1df3d9affbcb,suno,cropped,7.317396640777588,7.738424301147461,6.359273910522461,8.059417724609375
suno_f401c415-3eda-456c-b552-c45eb85764a0,suno,full,7.585707664489746,7.965156555175781,6.837210655212402,8.430023193359375
suno_f5005bf1-3d75-4462-96d3-1a91e84d38fc,suno,cropped,6.655893325805664,7.3308634757995605,7.161967754364014,7.593938827514648
suno_f6190882-7cb8-4328-a561-abedb44e9454,suno,cropped,7.39600133895874,7.784090995788574,7.100062847137451,8.350118637084961
suno_f783fbab-689e-4f83-bf38-b486e66439f1,suno,full,7.866785526275635,7.863985061645508,6.132029056549072,8.407424926757812
suno_f78dedbb-55a2-41e9-84bb-4abe0e4c36f7,suno,full,7.16851806640625,7.742609024047852,6.73533296585083,8.057796478271484
suno_f7aad093-50f0-499c-b549-7da8d43e1618,suno,full,8.04905891418457,8.25039005279541,6.232572555541992,8.535711288452148
suno_f7f1bbcf-b66c-4cf2-9cca-ba0c98c3cbf3,suno,full,7.355734825134277,7.720580101013184,6.379936695098877,8.065403938293457
udio_019b8021-f17e-484f-9958-dfa632108228,udio,full,5.8904242515563965,7.168447017669678,6.5658745765686035,7.313366413116455
udio_056e26de-6dd6-40a9-9c1a-67b143814689,udio,full,7.605836391448975,7.158947467803955,6.977924346923828,7.223089218139648
udio_069d64ee-15e8-4475-893a-af714e706003,udio,full,7.2574462890625,7.552652835845947,6.106494426727295,7.89359188079834
udio_06ff2580-e14f-4ac9-8fad-84d67721319a,udio,full,6.4313483238220215,6.180322647094727,6.847636699676514,6.576710224151611
udio_086ed947-af5e-4c9c-a521-ef8708976075,udio,full,6.769322395324707,7.638068199157715,4.072530746459961,7.783300876617432
udio_0ee2a5b2-8514-43be-8959-e18f683dd651,udio,cropped,7.6277995109558105,7.888797760009766,6.888991832733154,8.382744789123535
udio_10478c8c-c163-4756-899e-c17680cba376,udio,full,7.534248352050781,7.628655433654785,6.989328861236572,8.047687530517578
udio_18afe5cd-39ec-42dc-a5c9-660cc6b5c5ec,udio,full,7.4694390296936035,7.603481769561768,6.245158672332764,8.088854789733887
udio_1ce43bf9-76fd-4cb3-8786-47ef08e71fbf,udio,cropped,6.976816177368164,7.870947360992432,6.887784481048584,7.9365739822387695
udio_1ea6ca8d-a9f1-41c9-a095-fd8beb3f0264,udio,full,6.6203179359436035,7.463082313537598,6.4232096672058105,7.8856658935546875
udio_1ec2c35b-9343-41c7-9883-1d75a815e8b9,udio,full,6.8758368492126465,7.48067569732666,6.813531398773193,7.53334903717041
udio_20250599-67b0-47a4-a1f1-ef0438f68b25,udio,cropped,6.836009502410889,7.77147912979126,5.753002643585205,7.94666862487793
udio_2105c6b1-0bdf-4cf2-a75f-740377fe9da6,udio,full,3.431631326675415,5.93308687210083,2.2502031326293945,6.846988201141357
udio_229c71e1-b28f-479a-8b80-9b22de4938fe,udio,full,7.5034027099609375,7.611621379852295,6.454561233520508,8.27694034576416
udio_23595cb9-a405-4851-9671-5da24f80a180,udio,cropped,6.499152183532715,7.102354526519775,6.65739107131958,7.210318088531494
udio_26927d64-ff28-413c-9c3b-3be7850fb7f0,udio,full,7.387022972106934,7.330756187438965,6.783197402954102,7.810813903808594
udio_26cdffc4-2e48-4ea2-81e2-bbe4acf482aa,udio,cropped,7.847896099090576,7.230437278747559,6.612468242645264,7.21173095703125
udio_28ac17da-caa3-435c-85c5-eff264f8634f,udio,full,5.411455154418945,7.613237380981445,4.316955089569092,7.564352989196777
udio_2909db13-4799-4e4f-a6ef-05fc1d501a5f,udio,cropped,8.013274192810059,7.975991249084473,4.935004711151123,7.250300884246826
udio_2bce55d3-de00-4e59-846f-03885bbb3417,udio,full,7.174502849578857,7.399446487426758,6.707376003265381,7.556849002838135
udio_2ec29c6e-2e06-4e2d-b517-711c8655849e,udio,full,7.437374591827393,7.541536331176758,5.540355682373047,7.610414505004883
udio_2f50cbca-c822-4e4f-ac9c-6f90183c6061,udio,cropped,6.9154863357543945,7.397727012634277,6.759799003601074,7.907001495361328
udio_2fe883f6-1e62-45c6-b166-332cb4082c40,udio,cropped,7.25842809677124,7.4401164054870605,5.4913649559021,7.754060745239258
udio_30979dbe-33d4-417e-8d7b-706a7a6244b0,udio,full,6.217818260192871,7.055501937866211,2.947795867919922,6.779050827026367
udio_33614351-c2c4-4609-b13a-77970cd2ba58,udio,full,7.176865577697754,7.412547588348389,6.236569404602051,7.674141883850098
udio_35a671e8-379f-4975-ae86-853d820742e8,udio,full,7.586622714996338,7.309744834899902,6.582324504852295,7.581015110015869
udio_38d9d8ef-79b9-49f9-8166-24b43bb686b1,udio,full,7.915861129760742,7.830583572387695,6.458262920379639,7.780956745147705
udio_3d16a769-6245-4175-950a-5c49c8a63e9e,udio,full,7.32882022857666,7.244435787200928,5.633403301239014,7.27293586730957
udio_3d4335dd-7cbd-41a3-a001-e1ef6e252e57,udio,full,8.124746322631836,8.287288665771484,5.90437126159668,8.445796012878418
udio_427f4100-3278-4d60-89be-0b3b43805981,udio,full,6.756997108459473,6.56398344039917,5.5932841300964355,6.557687759399414
udio_4444a2c0-aa4d-4665-b08e-fca631b0e7fd,udio,full,6.262779712677002,7.0389580726623535,6.596005916595459,7.311118125915527
udio_4552e798-871f-4e13-b3cb-f234ce0ed23b,udio,cropped,6.238053321838379,6.332176208496094,6.833709716796875,6.942253589630127
udio_4f0f9c43-1adc-4999-8566-3e8d2d2af653,udio,full,6.486577987670898,7.224110126495361,7.0466156005859375,7.4302849769592285
udio_520bd78a-c5c6-4cbb-9622-1f9fead66a1b,udio,full,6.301066875457764,7.130860328674316,6.679925918579102,7.2818756103515625
udio_5343ca17-b184-4af4-89bd-f2a91cc434a9,udio,full,6.993237495422363,7.412142276763916,7.007441997528076,7.885303974151611
udio_5d39f51f-2439-4471-928f-737736a5f918,udio,full,6.642402172088623,7.371302127838135,6.665245056152344,7.617827415466309
udio_5ee31980-dc4c-49ca-b78d-5a55fe7e610e,udio,cropped,7.249897003173828,7.509769439697266,3.4407858848571777,6.237469673156738
udio_60930596-1947-47d0-90fb-fd0d19a5154f,udio,full,8.03538703918457,8.138842582702637,5.999612331390381,7.993411540985107
udio_60db38f6-caa5-4296-9494-3fcc5c55da04,udio,full,7.526541233062744,7.837812423706055,6.034711837768555,7.7075653076171875
udio_612eaea3-2e3f-4a08-8f95-6327b11729ae,udio,cropped,6.617511749267578,7.267578601837158,5.75712776184082,6.906556606292725
udio_62d0bc91-4518-4e2a-8fc5-9496a14f8dea,udio,full,6.9351959228515625,7.171411991119385,6.674218654632568,7.415440082550049
udio_645bac8d-958e-43f8-9d02-8c0de00c9a78,udio,full,7.754082679748535,7.749545574188232,5.468821048736572,8.13626480102539
udio_64a3538a-da63-43d1-a8b1-1749b4bc63e2,udio,full,6.351683616638184,7.566782474517822,6.030559539794922,7.4334716796875
udio_69ed9c00-a50a-4d24-9352-004a12d42094,udio,full,7.237725257873535,7.553684711456299,6.922192573547363,8.077786445617676
udio_6be94cfb-d4a8-477a-9c07-a9949c259236,udio,full,7.334928035736084,6.98167085647583,6.991182327270508,7.85491943359375
udio_6e599aff-0394-4ee0-a48e-f85a8f2b79a5,udio,full,6.768163681030273,7.64997673034668,5.657334327697754,7.61555290222168
udio_707781aa-5966-4720-b01d-e599914fda21,udio,full,7.084946155548096,7.429460525512695,6.931035995483398,7.585241317749023
udio_7363f403-f6bd-479a-9c35-9cc2d75ad088,udio,full,6.756246566772461,7.77439022064209,6.650847911834717,8.029772758483887
udio_74d3e5d2-0192-4f30-89f0-760d3d305446,udio,full,7.442319393157959,7.58527135848999,5.960927963256836,7.73626708984375
udio_755c8c40-5b47-4cd4-a774-e603c6002522,udio,cropped,7.7080817222595215,7.3220014572143555,5.843959331512451,7.2004804611206055
udio_76964945-9b5a-4cea-8029-365e76370dea,udio,full,6.038455486297607,6.331443786621094,6.429834365844727,6.875329971313477
udio_79e659e5-05df-4102-a0de-c6f64b966abd,udio,cropped,7.153055191040039,7.541679859161377,6.534976959228516,7.753144264221191
udio_7b2044f5-af08-421b-8066-ec14dbb8fb8c,udio,cropped,7.131460666656494,7.99735689163208,6.19598388671875,8.250408172607422
udio_7e0583f7-0889-43b9-aa69-75954c2f6dc9,udio,full,7.398724555969238,7.568335056304932,6.290831089019775,8.00841999053955
udio_7ea85bef-28f8-437c-9936-c49e7139156d,udio,full,6.808518409729004,7.107854843139648,6.933541297912598,7.248218059539795
udio_8133208e-e702-463a-89ef-7da442d0ce4a,udio,cropped,6.75862979888916,6.89899206161499,5.1032304763793945,6.636805057525635
udio_83f4c680-8497-4299-9225-dd44f477b600,udio,cropped,7.5640788078308105,7.605551242828369,5.879530906677246,8.055130004882812
udio_88201e71-aedd-4dc0-8f0b-b1d405fdee20,udio,full,7.177403926849365,7.509701251983643,6.455756664276123,7.430793285369873
udio_883d9ecb-a9b1-4256-9fb6-14cf5ce3b675,udio,full,5.88341760635376,5.793909549713135,6.656682014465332,6.022327423095703
udio_8878eead-39c9-436a-824e-9ca0e4605e07,udio,full,7.71262264251709,7.680742263793945,6.919793128967285,8.09360122680664
udio_8e06d246-be4c-456c-9c16-c86d0af5eb85,udio,full,7.248263835906982,7.021623611450195,5.1494879722595215,7.140353679656982
udio_8e746a81-32e7-475a-8edf-478a3cbfdd80,udio,full,7.743581295013428,7.884713172912598,6.600968360900879,8.193644523620605
udio_8ea872ed-3bc7-4387-ba1f-f119ba736194,udio,full,6.710383892059326,7.368004322052002,6.78699254989624,7.368437767028809
udio_8ecad45d-e874-497d-9bc4-912ff597708b,udio,full,7.304941654205322,7.44435977935791,5.672329902648926,7.699774742126465
udio_8ef91bdf-6754-4614-8f47-00dfd6545644,udio,full,7.527782917022705,8.005508422851562,6.155855655670166,8.178267478942871
udio_8fb58303-b6c0-45aa-91a2-8abb757c383b,udio,full,6.373199939727783,7.367472171783447,6.5370588302612305,7.347940921783447
udio_9168aa37-eb19-4088-bb46-c8369855503f,udio,cropped,6.061248779296875,7.155857086181641,6.9234161376953125,7.1841864585876465
udio_92ef2fd4-3370-4777-8ac7-5c1b3d7f0886,udio,full,5.681268692016602,6.832273483276367,6.422848224639893,7.028234004974365
udio_95757cfb-3ec4-4d67-843a-e681a3c75595,udio,full,5.132552146911621,5.956371784210205,6.692005157470703,6.187572956085205
udio_987fca14-a936-4740-8d48-9a62d4753329,udio,full,5.931501388549805,6.5931315422058105,6.76013708114624,7.28862190246582
udio_99db0199-fb76-4ff3-9b29-1a34fe50a2ee,udio,full,7.2648186683654785,6.077366352081299,5.303263187408447,6.164204120635986
udio_9a724c2a-19b1-494d-b818-357eeee5b6fc,udio,cropped,6.584672451019287,7.448991775512695,5.9745378494262695,7.104714393615723
udio_9d70bb96-a9d0-4e86-b927-f84707d738af,udio,full,7.587076663970947,7.484840393066406,6.033595561981201,7.891244888305664
udio_a1cf898c-a648-45f9-8f9f-0a5a1a61d694,udio,cropped,7.032447338104248,5.964188098907471,6.4861578941345215,5.703910827636719
udio_a2267f64-7aeb-414b-a418-a2f1288c3a12,udio,full,6.797124862670898,7.62396240234375,6.375250339508057,7.181562423706055
udio_a24f789b-007a-4d8e-88f4-d6bb6b490a8c,udio,full,6.8667097091674805,7.637414932250977,6.88381814956665,7.92789888381958
udio_a2690b7c-fe56-4628-a3b0-570bb6a191c6,udio,full,6.530519485473633,7.621860027313232,6.1155900955200195,7.772067546844482
udio_a2853554-a54f-4e3a-ad38-230d7203d11a,udio,full,6.161771297454834,7.590718746185303,5.419824123382568,7.28558349609375
udio_a311f2b0-70a9-4e1c-ba2a-83484426cdd0,udio,full,6.777759075164795,7.462881088256836,5.825847625732422,7.49075984954834
udio_a8ae99c2-154b-4e76-8df1-e73f566524dc,udio,full,7.517105579376221,7.593020439147949,3.361835241317749,7.016834259033203
udio_aa5070c2-1667-4135-aff7-329c68c304e1,udio,full,7.137862205505371,7.705608367919922,4.249398708343506,7.50137186050415
udio_af8891e9-1d76-4d6d-8788-62dba5c72f37,udio,full,6.710368633270264,6.989890098571777,6.17110013961792,7.233157634735107
udio_b4565c31-d5e6-499d-afe5-b6d2355b5b13,udio,full,5.771247386932373,6.6669487953186035,6.593953609466553,6.132331371307373
udio_b5ab1463-e9ba-469e-8e90-1727834f1a25,udio,full,6.2723212242126465,6.843219757080078,5.829082012176514,7.26362419128418
udio_b6627b9f-22dc-44ee-9e85-b6c5c0b5daf6,udio,full,7.185441493988037,7.945194244384766,6.335536479949951,7.981303691864014
udio_b8ccd031-97ae-40e9-9a98-3fb15b8c6f45,udio,full,6.282615661621094,5.688721179962158,4.918412685394287,4.861655235290527
udio_ba5b01d6-4af9-4ddc-a562-e69afd222dc7,udio,full,7.385628700256348,6.5273895263671875,6.890299320220947,6.556643962860107
udio_bca65851-f377-4d97-9038-12a7db67d665,udio,full,5.9287943840026855,6.951283931732178,6.795663833618164,7.203648090362549
udio_c3d6c422-e842-41ad-9af3-01b69b9794e5,udio,full,7.532407760620117,8.014480590820312,5.754863262176514,8.136120796203613
udio_c448e0a6-9856-4acd-8a64-902f71bf8bf4,udio,full,7.3484954833984375,7.530934810638428,7.027820587158203,7.942248821258545
udio_c47d3735-27c9-47c7-9102-36094671241b,udio,full,7.353751182556152,7.322429180145264,5.436058044433594,6.859643936157227
udio_c6066a0c-c9ea-4031-89f2-351fa50035e6,udio,full,5.62532377243042,7.150121688842773,7.021519184112549,7.33451509475708
udio_c7a68f06-f76c-4bbe-ad53-1de1b51bacea,udio,cropped,4.88259744644165,4.589248180389404,3.6616060733795166,5.151980876922607
udio_c9caf443-fe76-4a21-be70-816f55e4db3b,udio,full,6.607832908630371,7.186817646026611,6.710147380828857,7.419370651245117
udio_cb0385b4-adc0-440d-a244-c7f2fd154ce8,udio,full,6.204166412353516,7.170773506164551,5.946230411529541,7.520324230194092
udio_cf7866aa-a771-4b59-80b9-e7d9e8d009dc,udio,full,7.209953784942627,7.462756156921387,6.857704162597656,7.727661609649658
udio_d34f55b1-a543-44c0-a1e4-4167b984b46d,udio,full,7.171601295471191,7.095656871795654,3.985206127166748,7.108591556549072
udio_d69e70a3-0da3-40c5-82df-4b35c9abe2ad,udio,cropped,7.341709613800049,7.677606582641602,6.745874881744385,8.118388175964355
udio_d7ac83cc-cdc6-41a0-92f5-f15a4990064c,udio,full,7.51566219329834,7.051858901977539,6.869711875915527,7.290340900421143
udio_d7ade13d-27e8-434a-b7fc-347aad5aa040,udio,cropped,7.921521186828613,8.260284423828125,4.155541896820068,8.445964813232422
udio_d8b62f9b-cd9b-44a1-a92a-50b34a15c591,udio,full,7.328547954559326,7.516415596008301,6.670888900756836,7.831125259399414
udio_d9443309-2850-4269-a044-dcf2c4131d87,udio,full,7.14953088760376,7.571723937988281,6.571044445037842,7.684071063995361
udio_e35092da-9739-40d4-b68a-7aa03bb525a5,udio,cropped,7.225142478942871,7.4567718505859375,6.383307456970215,7.397410869598389
udio_e510c2bf-1a73-4ae8-bbd8-ce1b6c39aaa5,udio,full,7.318290710449219,6.7924017906188965,4.8671369552612305,6.376286029815674
udio_e5d7404e-c491-4a7b-92d7-1a9188e492fe,udio,full,5.256924152374268,6.6972270011901855,6.866063594818115,6.807654857635498
udio_e6911b69-d853-4fea-ae5d-4680624543b3,udio,full,6.814144611358643,7.750828266143799,4.914892673492432,7.796455383300781
udio_e9ed8efc-e5e6-466b-a534-15d2a6a1abf1,udio,full,6.690890789031982,7.407724380493164,5.42581844329834,7.269282341003418
udio_ec661023-e74f-4c5a-bf61-cb1979df33db,udio,full,5.291149616241455,5.617250442504883,3.369137763977051,6.156965255737305
udio_ed21da97-b3b6-4409-a5a9-685428bd574f,udio,full,7.302693843841553,7.78235387802124,5.964564800262451,8.24820327758789
udio_f3ada5b7-efeb-4772-a0d9-cef40432a8e4,udio,cropped,5.675412178039551,7.753310203552246,3.752497911453247,7.718565940856934
udio_f490da7d-fd1c-4a24-b2a9-678562985cfb,udio,full,6.913263320922852,7.8272480964660645,3.9723336696624756,7.85440731048584
udio_f8225e85-e6ab-4ed2-acc6-57832d5586fd,udio,full,7.34100866317749,7.666759967803955,6.9565863609313965,7.873299598693848
udio_fd7d9d5a-aeea-420a-8faf-21fab5954a43,udio,full,6.968961715698242,7.600119590759277,6.430447101593018,7.698175430297852
