model,base_model,thinking_alias,mood_tag,n_model,n_human,count_model,count_human,prevalence_model,prevalence_human,diff_model_minus_human,diff_ci_low,diff_ci_high,p_fisher,q_fdr_global
MOSS Audio 4B (non-thinking),MOSS Audio 4B,non-thinking,Wonder,571,591,321,37,0.5621716287215411,0.06260575296108291,0.49956587576045824,0.4544280096848886,0.5447037418360279,2.4663941238516848e-83,3.8052937910854567e-82
MOSS Audio 4B (non-thinking),MOSS Audio 4B,non-thinking,Transcendence,571,591,302,35,0.5288966725043783,0.05922165820642978,0.46967501429794856,0.42452529696643204,0.5148247316294651,2.6638663265853883e-76,3.196639591902466e-75
MOSS Audio 4B (non-thinking),MOSS Audio 4B,non-thinking,Tenderness,571,591,201,37,0.3520140105078809,0.06260575296108291,0.289408257546798,0.2456350541351531,0.33318146095844287,1.4769162345047798e-36,1.0633796888434414e-35
MOSS Audio 4B (non-thinking),MOSS Audio 4B,non-thinking,Nostalgia,571,591,149,84,0.2609457092819615,0.14213197969543148,0.11881372958653,0.0730966176488243,0.1645308415242357,5.40330170044502e-07,1.080660340089004e-06
MOSS Audio 4B (non-thinking),MOSS Audio 4B,non-thinking,Peacefulness,571,591,108,68,0.18914185639229422,0.11505922165820642,0.0740826347340878,0.03292826566636031,0.11523700380181529,0.0005598536600946872,0.0007852492894834574
MOSS Audio 4B (non-thinking),MOSS Audio 4B,non-thinking,Power,571,591,49,108,0.08581436077057793,0.18274111675126903,-0.0969267559806911,-0.1356382621560992,-0.05821524980528299,1.2735375673485945e-06,2.456108165600861e-06
MOSS Audio 4B (non-thinking),MOSS Audio 4B,non-thinking,Joyful activation,571,591,135,86,0.23642732049036777,0.1455160744500846,0.09091124604028317,0.04593555528344183,0.1358869367971245,9.580673092270467e-05,0.000143710096384057
MOSS Audio 4B (non-thinking),MOSS Audio 4B,non-thinking,Tension,571,591,41,56,0.07180385288966724,0.09475465313028765,-0.022950800240620406,-0.054667637168140715,0.008766036686899903,0.16872519273780612,0.19806870451829414
MOSS Audio 4B (non-thinking),MOSS Audio 4B,non-thinking,Sadness,571,591,27,32,0.047285464098073555,0.05414551607445008,-0.006860051976376527,-0.03207878812427556,0.018358684171522505,0.6887945835075733,0.7084744287506468
MOSS Audio 4B (thinking),MOSS Audio 4B,thinking,Wonder,571,591,489,37,0.8563922942206655,0.06260575296108291,0.7937865412595826,0.7590174215712385,0.8285556609479267,5.363663405601004e-187,5.7927564780490854e-185
MOSS Audio 4B (thinking),MOSS Audio 4B,thinking,Transcendence,571,591,377,35,0.660245183887916,0.05922165820642978,0.6010235256814862,0.5577643795122429,0.6442826718507295,4.770538361967185e-113,1.7173938103081867e-111
MOSS Audio 4B (thinking),MOSS Audio 4B,thinking,Tenderness,571,591,328,37,0.574430823117338,0.06260575296108291,0.511825070156255,0.46681218021509924,0.5568379600974107,1.4082939198868932e-86,2.534929055796408e-85
MOSS Audio 4B (thinking),MOSS Audio 4B,thinking,Nostalgia,571,591,103,84,0.18038528896672504,0.14213197969543148,0.038253309271293556,-0.004022650691411077,0.0805292692339982,0.07937724557381204,0.0942059617799088
MOSS Audio 4B (thinking),MOSS Audio 4B,thinking,Peacefulness,571,591,217,68,0.38003502626970226,0.11505922165820642,0.26497580461149584,0.21757339804214126,0.3123782111808504,1.8260382326478827e-26,7.888485165038853e-26
MOSS Audio 4B (thinking),MOSS Audio 4B,thinking,Power,571,591,2,108,0.0035026269702276708,0.18274111675126903,-0.17923848978104134,-0.21077041124573487,-0.14770656831634782,3.1477647110652453e-31,1.6188504228335547e-30
MOSS Audio 4B (thinking),MOSS Audio 4B,thinking,Joyful activation,571,591,40,86,0.07005253940455342,0.1455160744500846,-0.07546353504553119,-0.1107696992420702,-0.04015737084899219,4.2777239885086296e-05,6.599917010841886e-05
MOSS Audio 4B (thinking),MOSS Audio 4B,thinking,Tension,571,591,1,56,0.0017513134851138354,0.09475465313028765,-0.09300333964517382,-0.11686380492685047,-0.06914287436349717,3.197664984440879e-16,1.0792119322487966e-15
MOSS Audio 4B (thinking),MOSS Audio 4B,thinking,Sadness,571,591,5,32,0.008756567425569177,0.05414551607445008,-0.045388948648880906,-0.0651701314262258,-0.025607765871536008,6.033594758404291e-06,1.0682430064060058e-05
MOSS Audio 8B (non-thinking),MOSS Audio 8B,non-thinking,Wonder,571,591,243,37,0.425569176882662,0.06260575296108291,0.3629634239215791,0.31795053398042333,0.40797631386273486,3.5174714860408005e-51,3.453517459021877e-50
MOSS Audio 8B (non-thinking),MOSS Audio 8B,non-thinking,Transcendence,571,591,200,35,0.3502626970227671,0.05922165820642978,0.2910410388163373,0.24752933850218198,0.33455273913049266,1.9559543350523216e-37,1.508879058468934e-36
MOSS Audio 8B (non-thinking),MOSS Audio 8B,non-thinking,Tenderness,571,591,356,37,0.6234676007005254,0.06260575296108291,0.5608618477394425,0.5165801221705473,0.6051435733083377,3.2723324838402716e-100,7.0682381650949875e-99
MOSS Audio 8B (non-thinking),MOSS Audio 8B,non-thinking,Nostalgia,571,591,209,84,0.3660245183887916,0.14213197969543148,0.2238925386933601,0.17537687909723748,0.2724081982894827,1.0330194711122947e-18,4.132077884449179e-18
MOSS Audio 8B (non-thinking),MOSS Audio 8B,non-thinking,Peacefulness,571,591,117,68,0.20490367775831875,0.11505922165820642,0.08984445610011232,0.04791666834050093,0.13177224385972372,2.8878549452354197e-05,4.725580819476141e-05
MOSS Audio 8B (non-thinking),MOSS Audio 8B,non-thinking,Power,571,591,30,108,0.05253940455341506,0.18274111675126903,-0.13020171219785398,-0.16633597601211447,-0.09406744838359349,3.2974434095200468e-12,8.68594849336988e-12
MOSS Audio 8B (non-thinking),MOSS Audio 8B,non-thinking,Joyful activation,571,591,40,86,0.07005253940455342,0.1455160744500846,-0.07546353504553119,-0.1107696992420702,-0.04015737084899219,4.2777239885086296e-05,6.599917010841886e-05
MOSS Audio 8B (non-thinking),MOSS Audio 8B,non-thinking,Tension,571,591,18,56,0.03152364273204904,0.09475465313028765,-0.06323101039823861,-0.09085274733325772,-0.0356092734632195,1.0463921948271095e-05,1.7938151911321877e-05
MOSS Audio 8B (non-thinking),MOSS Audio 8B,non-thinking,Sadness,571,591,5,32,0.008756567425569177,0.05414551607445008,-0.045388948648880906,-0.0651701314262258,-0.025607765871536008,6.033594758404291e-06,1.0682430064060058e-05
MOSS Audio 8B (thinking),MOSS Audio 8B,thinking,Wonder,571,591,117,37,0.20490367775831875,0.06260575296108291,0.14229792479723585,0.10385889543185459,0.18073695416261712,4.284832788855145e-13,1.3221769748467305e-12
MOSS Audio 8B (thinking),MOSS Audio 8B,thinking,Transcendence,571,591,118,35,0.20665499124343256,0.05922165820642978,0.1474333330370028,0.1091557286173027,0.18571093745670286,4.4270919609488484e-14,1.406252740536693e-13
MOSS Audio 8B (thinking),MOSS Audio 8B,thinking,Tenderness,571,591,440,37,0.7705779334500875,0.06260575296108291,0.7079721804890046,0.6683379742049136,0.7476063867730955,2.073993670427085e-149,1.1199565820306258e-147
MOSS Audio 8B (thinking),MOSS Audio 8B,thinking,Nostalgia,571,591,266,84,0.4658493870402802,0.14213197969543148,0.3237174073448488,0.274051687016962,0.37338312767273557,3.3464187178557247e-34,1.9021748501495697e-33
MOSS Audio 8B (thinking),MOSS Audio 8B,thinking,Peacefulness,571,591,245,68,0.4290718038528897,0.11505922165820642,0.31401258219468325,0.2659504757744594,0.3620746886149071,1.4559516579410805e-34,9.249575238684511e-34
MOSS Audio 8B (thinking),MOSS Audio 8B,thinking,Power,571,591,28,108,0.04903677758318739,0.18274111675126903,-0.13370433916808164,-0.16954444998460788,-0.0978642283515554,5.468402524884431e-13,1.6405207574653293e-12
MOSS Audio 8B (thinking),MOSS Audio 8B,thinking,Joyful activation,571,591,47,86,0.08231173380035026,0.1455160744500846,-0.06320434064973435,-0.09948707076744825,-0.026921610532020433,0.0008574167370102202,0.001187192405091074
MOSS Audio 8B (thinking),MOSS Audio 8B,thinking,Tension,571,591,6,56,0.010507880910683012,0.09475465313028765,-0.08424677221960464,-0.1092969701362569,-0.05919657430295237,1.3911485546456975e-11,3.577239140517508e-11
MOSS Audio 8B (thinking),MOSS Audio 8B,thinking,Sadness,571,591,7,32,0.012259194395796848,0.05414551607445008,-0.041886321678653235,-0.06224228118107404,-0.021530362176232425,5.876096855341598e-05,8.93828817432243e-05
Gemini 3.1 Flash Lite (thinking),Gemini 3.1 Flash Lite,thinking,Wonder,571,591,29,37,0.050788091068301226,0.06260575296108291,-0.011817661892781682,-0.03838476830129678,0.014749444515733415,0.4472183959484494,0.4829958676243254
Gemini 3.1 Flash Lite (thinking),Gemini 3.1 Flash Lite,thinking,Transcendence,571,591,1,35,0.0017513134851138354,0.05922165820642978,-0.057470344721315944,-0.07680723450589269,-0.0381334549367392,7.726868388438106e-10,1.738545387398574e-09
Gemini 3.1 Flash Lite (thinking),Gemini 3.1 Flash Lite,thinking,Tenderness,571,591,35,37,0.06129597197898424,0.06260575296108291,-0.0013097809820986697,-0.029033105425881084,0.026413543461683744,1.0,1.0
Gemini 3.1 Flash Lite (thinking),Gemini 3.1 Flash Lite,thinking,Nostalgia,571,591,309,84,0.5411558669001751,0.14213197969543148,0.3990238872047437,0.3493939107686953,0.44865386364079207,1.1128228293724955e-48,1.0015405464352461e-47
Gemini 3.1 Flash Lite (thinking),Gemini 3.1 Flash Lite,thinking,Peacefulness,571,591,72,68,0.12609457092819615,0.11505922165820642,0.011035349269989725,-0.02642428596033214,0.04849498450031159,0.5892805356585131,0.6119451716453791
Gemini 3.1 Flash Lite (thinking),Gemini 3.1 Flash Lite,thinking,Power,571,591,103,108,0.18038528896672504,0.18274111675126903,-0.00235582778454399,-0.046689421322139345,0.041977765753051365,0.939420835101617,0.9571457565186287
Gemini 3.1 Flash Lite (thinking),Gemini 3.1 Flash Lite,thinking,Joyful activation,571,591,70,86,0.12259194395796848,0.1455160744500846,-0.022924130492116127,-0.06206371211616531,0.016215451131933054,0.2640291021224186,0.30015940030759164
Gemini 3.1 Flash Lite (thinking),Gemini 3.1 Flash Lite,thinking,Tension,571,591,395,56,0.691768826619965,0.09475465313028765,0.5970141734896773,0.5523811934541941,0.6416471535251606,5.4574358663268644e-105,1.4735076839082535e-103
Gemini 3.1 Flash Lite (thinking),Gemini 3.1 Flash Lite,thinking,Sadness,571,591,77,32,0.13485113835376533,0.05414551607445008,0.08070562227931524,0.04727193902506968,0.1141393055335608,2.710462673390823e-06,4.961524893664557e-06
Gemini 3.1 Flash Lite (non-thinking),Gemini 3.1 Flash Lite,non-thinking,Wonder,571,591,26,37,0.04553415061295972,0.06260575296108291,-0.017071602348123188,-0.043030574036443614,0.008887369340197234,0.24341224648731422,0.2796651342620206
Gemini 3.1 Flash Lite (non-thinking),Gemini 3.1 Flash Lite,non-thinking,Transcendence,571,591,0,35,0.0,0.05922165820642978,-0.05922165820642978,-0.07825198595680222,-0.04019133045605734,4.094325330256501e-11,1.0283421759714004e-10
Gemini 3.1 Flash Lite (non-thinking),Gemini 3.1 Flash Lite,non-thinking,Tenderness,571,591,25,37,0.043782837127845885,0.06260575296108291,-0.018822915833237024,-0.044574382341071195,0.006928550674597148,0.19137588877260275,0.22224296760689352
Gemini 3.1 Flash Lite (non-thinking),Gemini 3.1 Flash Lite,non-thinking,Nostalgia,571,591,272,84,0.4763572679509632,0.14213197969543148,0.33422528825553177,0.28451845271429493,0.3839321237967686,4.8438359007030796e-36,3.269589232974579e-35
Gemini 3.1 Flash Lite (non-thinking),Gemini 3.1 Flash Lite,non-thinking,Peacefulness,571,591,45,68,0.07880910683012259,0.11505922165820642,-0.03625011482808384,-0.07016590500338846,-0.0023343246527792183,0.038016307875207773,0.04561956945024933
Gemini 3.1 Flash Lite (non-thinking),Gemini 3.1 Flash Lite,non-thinking,Power,571,591,63,108,0.11033274956217162,0.18274111675126903,-0.0724083671890974,-0.1127962492864412,-0.032020485091753606,0.0004966556380610748,0.0007057738014552116
Gemini 3.1 Flash Lite (non-thinking),Gemini 3.1 Flash Lite,non-thinking,Joyful activation,571,591,42,86,0.07355516637478109,0.1455160744500846,-0.07196090807530352,-0.10755172472545979,-0.036370091425147244,0.0001087221457828872,0.0001608492019801619
Gemini 3.1 Flash Lite (non-thinking),Gemini 3.1 Flash Lite,non-thinking,Tension,571,591,351,56,0.6147110332749562,0.09475465313028765,0.5199563801446686,0.4735775900879533,0.5663351702013839,7.804890772979233e-83,1.0536602543521964e-81
Gemini 3.1 Flash Lite (non-thinking),Gemini 3.1 Flash Lite,non-thinking,Sadness,571,591,100,32,0.17513134851138354,0.05414551607445008,0.12098583243693345,0.0848637441277105,0.1571079207461564,4.284347304967762e-11,1.0516125203102689e-10
Gemini 3.1 Pro (thinking),Gemini 3.1 Pro,thinking,Wonder,571,591,19,37,0.03327495621716287,0.06260575296108291,-0.029330796743920036,-0.053782591274100996,-0.004879002213739072,0.02017829298355979,0.024486018451960193
Gemini 3.1 Pro (thinking),Gemini 3.1 Pro,thinking,Transcendence,571,591,13,35,0.02276707530647986,0.05922165820642978,-0.03645458289994992,-0.059078451677170046,-0.013830714122729789,0.001813442566369615,0.002417923421826153
Gemini 3.1 Pro (thinking),Gemini 3.1 Pro,thinking,Tenderness,571,591,61,37,0.10683012259194395,0.06260575296108291,0.04422436963086104,0.012233361773582106,0.07621537748813997,0.008064950895091804,0.010247231725528409
Gemini 3.1 Pro (thinking),Gemini 3.1 Pro,thinking,Nostalgia,571,591,160,84,0.28021015761821366,0.14213197969543148,0.13807817792278218,0.09171521528880214,0.18444114055676222,6.941694925452576e-09,1.5300062284670983e-08
Gemini 3.1 Pro (thinking),Gemini 3.1 Pro,thinking,Peacefulness,571,591,54,68,0.09457092819614711,0.11505922165820642,-0.020488293462059312,-0.05567263900042236,0.014696052076303735,0.2924133489087152,0.3255736255890849
Gemini 3.1 Pro (thinking),Gemini 3.1 Pro,thinking,Power,571,591,277,108,0.4851138353765324,0.18274111675126903,0.3023727186252634,0.2508824275861999,0.3538630096643269,2.181553939480392e-28,1.0243818498429666e-27
Gemini 3.1 Pro (thinking),Gemini 3.1 Pro,thinking,Joyful activation,571,591,209,86,0.3660245183887916,0.1455160744500846,0.22050844393870697,0.17183156065633823,0.2691853272210757,4.330849374599757e-18,1.612868042954392e-17
Gemini 3.1 Pro (thinking),Gemini 3.1 Pro,thinking,Tension,571,591,246,56,0.4308231173380035,0.09475465313028765,0.33606846420771586,0.2890862800084666,0.3830506484069651,7.799021446739974e-41,6.479187048060902e-40
Gemini 3.1 Pro (thinking),Gemini 3.1 Pro,thinking,Sadness,571,591,85,32,0.14886164623467601,0.05414551607445008,0.09471613016022593,0.060287525859753284,0.12914473446069857,8.646492726870613e-08,1.8676424290040523e-07
Gemini 3.1 Pro (non-thinking),Gemini 3.1 Pro,non-thinking,Wonder,571,591,19,37,0.03327495621716287,0.06260575296108291,-0.029330796743920036,-0.053782591274100996,-0.004879002213739072,0.02017829298355979,0.024486018451960193
Gemini 3.1 Pro (non-thinking),Gemini 3.1 Pro,non-thinking,Transcendence,571,591,12,35,0.021015761821366025,0.05922165820642978,-0.038205896385063755,-0.060579379472133904,-0.01583241329799361,0.0009335184620554752,0.0012762024544555864
Gemini 3.1 Pro (non-thinking),Gemini 3.1 Pro,non-thinking,Tenderness,571,591,66,37,0.11558669001751314,0.06260575296108291,0.05298093705643023,0.0202817900551773,0.08568008405768315,0.0018446115367998068,0.002429488365541209
Gemini 3.1 Pro (non-thinking),Gemini 3.1 Pro,non-thinking,Nostalgia,571,591,137,84,0.23992994746059546,0.14213197969543148,0.09779796776516397,0.05285931257390273,0.14273662295642522,2.6265878250871537e-05,4.364176693990963e-05
Gemini 3.1 Pro (non-thinking),Gemini 3.1 Pro,non-thinking,Peacefulness,571,591,59,68,0.10332749562171628,0.11505922165820642,-0.011731726036490142,-0.04758130413259461,0.024117852059614323,0.5728113664659702,0.6006177434788813
Gemini 3.1 Pro (non-thinking),Gemini 3.1 Pro,non-thinking,Power,571,591,275,108,0.4816112084063047,0.18274111675126903,0.2988700916550357,0.24738741551567295,0.35035276779439845,7.783377348104045e-28,3.5025198066468205e-27
Gemini 3.1 Pro (non-thinking),Gemini 3.1 Pro,non-thinking,Joyful activation,571,591,208,86,0.36427320490367776,0.1455160744500846,0.21875713045359316,0.1701128997486081,0.2674013611585782,7.302855581913166e-18,2.6290280094887397e-17
Gemini 3.1 Pro (non-thinking),Gemini 3.1 Pro,non-thinking,Tension,571,591,226,56,0.3957968476357268,0.09475465313028765,0.3010421945054392,0.254496857534103,0.34758753147677535,1.9210081118443607e-34,1.1526048671066165e-33
Gemini 3.1 Pro (non-thinking),Gemini 3.1 Pro,non-thinking,Sadness,571,591,79,32,0.138353765323993,0.05414551607445008,0.0842082492495429,0.05051940539723845,0.11789709310184734,1.1746500676315045e-06,2.306585587349136e-06
Gemma 4 E2B IT (non-thinking),Gemma 4 E2B IT,non-thinking,Wonder,571,591,252,37,0.4413309982486865,0.06260575296108291,0.3787252452876036,0.3335558465805173,0.4238946439946899,1.582314764847165e-54,1.7088999460349386e-53
Gemma 4 E2B IT (non-thinking),Gemma 4 E2B IT,non-thinking,Transcendence,571,591,58,35,0.10157618213660245,0.05922165820642978,0.04235452393017267,0.01111150490256153,0.07359754295778381,0.00921677724157639,0.01144151657575
Gemma 4 E2B IT (non-thinking),Gemma 4 E2B IT,non-thinking,Tenderness,571,591,123,37,0.21541155866900175,0.06260575296108291,0.15280580570791885,0.11383735658914076,0.19177425482669694,1.7587042087987034e-14,5.755759228795756e-14
Gemma 4 E2B IT (non-thinking),Gemma 4 E2B IT,non-thinking,Nostalgia,571,591,168,84,0.29422066549912435,0.14213197969543148,0.15208868580369286,0.1052951105643765,0.1988822610430092,2.846075817340204e-10,6.682091049407435e-10
Gemma 4 E2B IT (non-thinking),Gemma 4 E2B IT,non-thinking,Peacefulness,571,591,224,68,0.3922942206654991,0.11505922165820642,0.2772349990072927,0.2296349362947763,0.32483506171980914,2.0819171979603543e-28,1.0220320789987195e-27
Gemma 4 E2B IT (non-thinking),Gemma 4 E2B IT,non-thinking,Power,571,591,104,108,0.18213660245183888,0.18274111675126903,-0.0006045142994301478,-0.04502273853931121,0.04381370994045092,1.0,1.0
Gemma 4 E2B IT (non-thinking),Gemma 4 E2B IT,non-thinking,Joyful activation,571,591,117,86,0.20490367775831875,0.1455160744500846,0.059387603308234144,0.015749010665713374,0.1030261959507549,0.008552333561211444,0.010740139821056233
Gemma 4 E2B IT (non-thinking),Gemma 4 E2B IT,non-thinking,Tension,571,591,94,56,0.1646234676007005,0.09475465313028765,0.06986881447041286,0.03136179426280738,0.10837583467801834,0.0004407768306257955,0.0006347186361011455
Gemma 4 E2B IT (non-thinking),Gemma 4 E2B IT,non-thinking,Sadness,571,591,81,32,0.14185639229422067,0.05414551607445008,0.08771087621977058,0.05377122176493345,0.12165053067460771,5.004406431449603e-07,1.0197658388614286e-06
Gemma 4 E2B IT (thinking),Gemma 4 E2B IT,thinking,Wonder,571,591,188,37,0.329246935201401,0.06260575296108291,0.26664118224031813,0.22342925101088137,0.30985311346975486,1.8703151404914566e-32,1.0099701758653867e-31
Gemma 4 E2B IT (thinking),Gemma 4 E2B IT,thinking,Transcendence,571,591,112,35,0.19614711033274956,0.05922165820642978,0.1369254521263198,0.09920336504449381,0.17464753920814577,1.0781396588573358e-12,3.064186398857691e-12
Gemma 4 E2B IT (thinking),Gemma 4 E2B IT,thinking,Tenderness,571,591,143,37,0.2504378283712785,0.06260575296108291,0.1878320754101956,0.14728070876476193,0.22838344205562924,2.0166916859597712e-19,8.377027003217511e-19
Gemma 4 E2B IT (thinking),Gemma 4 E2B IT,thinking,Nostalgia,571,591,204,84,0.3572679509632224,0.14213197969543148,0.2151359712677909,0.16678860732060347,0.26348333521497835,1.4344611589349436e-17,4.9974775859669e-17
Gemma 4 E2B IT (thinking),Gemma 4 E2B IT,thinking,Peacefulness,571,591,185,68,0.3239929947460595,0.11505922165820642,0.2089337730878531,0.16272344700230312,0.2551440991734031,2.660029969239113e-18,1.0260115595636579e-17
Gemma 4 E2B IT (thinking),Gemma 4 E2B IT,thinking,Power,571,591,120,108,0.21015761821366025,0.18274111675126903,0.02741650146239122,-0.01827314716587857,0.07310615009066102,0.26775676206592536,0.301226357324166
Gemma 4 E2B IT (thinking),Gemma 4 E2B IT,thinking,Joyful activation,571,591,143,86,0.2504378283712785,0.1455160744500846,0.10492175392119388,0.059411522916730554,0.1504319849256572,8.77292919771242e-06,1.5281876666982922e-05
Gemma 4 E2B IT (thinking),Gemma 4 E2B IT,thinking,Tension,571,591,105,56,0.18388791593695272,0.09475465313028765,0.08913326280666507,0.049545020892261996,0.12872150472106814,1.2972206417210497e-05,2.1890598329042716e-05
Gemma 4 E2B IT (thinking),Gemma 4 E2B IT,thinking,Sadness,571,591,57,32,0.09982486865148861,0.05414551607445008,0.04567935257703853,0.015061358716461058,0.076297346437616,0.003962794131104056,0.005095021025705215
Gemma 4 E4B IT (non-thinking),Gemma 4 E4B IT,non-thinking,Wonder,571,591,116,37,0.2031523642732049,0.06260575296108291,0.14054661131212198,0.10219841240949362,0.17889481021475034,7.218923701186831e-13,2.1071452965626426e-12
Gemma 4 E4B IT (non-thinking),Gemma 4 E4B IT,non-thinking,Transcendence,571,591,28,35,0.04903677758318739,0.05922165820642978,-0.010184880623242389,-0.03618271593587352,0.015812954689388745,0.5174209261765691,0.547857451245779
Gemma 4 E4B IT (non-thinking),Gemma 4 E4B IT,non-thinking,Tenderness,571,591,67,37,0.11733800350262696,0.06260575296108291,0.054732250541544056,0.021895193259056665,0.08756930782403144,0.0013498679858062225,0.0018223217808384005
Gemma 4 E4B IT (non-thinking),Gemma 4 E4B IT,non-thinking,Nostalgia,571,591,150,84,0.2626970227670753,0.14213197969543148,0.12056504307164381,0.07478658705293806,0.16634349909034957,3.8219973606749626e-07,8.093641469664627e-07
Gemma 4 E4B IT (non-thinking),Gemma 4 E4B IT,non-thinking,Peacefulness,571,591,125,68,0.21891418563922943,0.11505922165820642,0.10385496398102301,0.06128442693398367,0.14642550102806234,2.0014438570377317e-06,3.7268264924150864e-06
Gemma 4 E4B IT (non-thinking),Gemma 4 E4B IT,non-thinking,Power,571,591,92,108,0.16112084063047286,0.18274111675126903,-0.021620276120796172,-0.06498064148736335,0.021740089245771012,0.35128432965420564,0.3832192687136789
Gemma 4 E4B IT (non-thinking),Gemma 4 E4B IT,non-thinking,Joyful activation,571,591,134,86,0.23467600700525393,0.1455160744500846,0.08915993255516932,0.04425357444791301,0.13406629066242565,0.00012706264120446173,0.00018544277364975495
Gemma 4 E4B IT (non-thinking),Gemma 4 E4B IT,non-thinking,Tension,571,591,87,56,0.15236427320490367,0.09475465313028765,0.05760962007461602,0.019841152535389234,0.09537808761384281,0.003138022109216031,0.004083209491510017
Gemma 4 E4B IT (non-thinking),Gemma 4 E4B IT,non-thinking,Sadness,571,591,105,32,0.18388791593695272,0.05414551607445008,0.12974239986250263,0.09310134015012286,0.1663834595748824,3.2385104184504513e-12,8.68594849336988e-12
Gemma 4 E4B IT (thinking),Gemma 4 E4B IT,thinking,Wonder,571,591,106,37,0.18563922942206654,0.06260575296108291,0.12303347646098363,0.08563603914598561,0.16043091377598165,1.1173116077809275e-10,2.681547858674226e-10
Gemma 4 E4B IT (thinking),Gemma 4 E4B IT,thinking,Transcendence,571,591,40,35,0.07005253940455342,0.05922165820642978,0.010830881198123636,-0.01746116915219185,0.03912293154843913,0.47546426182132007,0.5084172304624016
Gemma 4 E4B IT (thinking),Gemma 4 E4B IT,thinking,Tenderness,571,591,88,37,0.15411558669001751,0.06260575296108291,0.0915098337289346,0.056033934600135206,0.126985732857734,4.055545740484159e-07,8.423056537928639e-07
Gemma 4 E4B IT (thinking),Gemma 4 E4B IT,thinking,Nostalgia,571,591,166,84,0.29071803852889666,0.14213197969543148,0.14858605883346518,0.10189711251386471,0.19527500515306564,6.448303773017391e-10,1.4817378882678261e-09
Gemma 4 E4B IT (thinking),Gemma 4 E4B IT,thinking,Peacefulness,571,591,126,68,0.22066549912434325,0.11505922165820642,0.10560627746613682,0.06295825506754446,0.14825429986472918,1.409448276069501e-06,2.670533575710633e-06
Gemma 4 E4B IT (thinking),Gemma 4 E4B IT,thinking,Power,571,591,118,108,0.20665499124343256,0.18274111675126903,0.023913874492163534,-0.021625131892574763,0.06945288087690182,0.3352455064910871,0.3694542316432388
Gemma 4 E4B IT (thinking),Gemma 4 E4B IT,thinking,Joyful activation,571,591,138,86,0.24168126094570927,0.1455160744500846,0.09616518649562467,0.050984876390200946,0.1413454966010484,4.016889701740732e-05,6.379765996882339e-05
Gemma 4 E4B IT (thinking),Gemma 4 E4B IT,thinking,Tension,571,591,102,56,0.1786339754816112,0.09475465313028765,0.08387932235132355,0.04457670778345572,0.12318193691919138,3.570084247493624e-05,5.754762667601663e-05
Gemma 4 E4B IT (thinking),Gemma 4 E4B IT,thinking,Sadness,571,591,107,32,0.18739054290718038,0.05414551607445008,0.1332450268327303,0.09640234554468083,0.17008770812077975,1.1268986771681054e-12,3.120642490619369e-12
