song_id,song_source,snippet_kind,raw_Musicality,Musicality,raw_Coherence,Coherence,raw_Memorability,Memorability,raw_Clarity,Clarity,raw_Naturalness,Naturalness,raw_Overall_Aesthetics,Overall_Aesthetics
human_007cbc4a-88c0-4eb9-a7a9-ddfddad1dbee,human,cropped,3.5085,6.644125000000001,3.7173,7.113925,3.7635,7.217875,3.4882,6.59845,3.4259,6.4582749999999995,3.5807,6.8065750000000005
human_00fb7271-5d7f-4859-82e9-ac0e4078ae81,human,cropped,4.3744,8.5924,4.3266,8.48485,4.4501,8.762725,4.0932,7.959700000000001,4.0747,7.918075,4.2638,8.34355
human_02065dc1-0568-4426-ac43-31d4ce441c66,human,cropped,3.3099,6.197274999999999,3.5424,6.720400000000001,3.5025,6.630625,3.3384,6.2614,3.2455,6.052375,3.3877,6.372325
human_021021dd-f295-47b7-8a43-64e2790a0ecd,human,cropped,3.0031,5.506975,3.2746,6.11785,3.1718,5.886550000000001,3.003,5.50675,2.9691,5.430475,3.0843,5.689674999999999
human_040396a9-e04a-4beb-913c-21a3096f53d6,human,cropped,3.951,7.63975,4.0285,7.814125000000001,4.1203,8.020675,3.7963,7.291675,3.7403,7.165675,3.9273,7.586424999999999
human_06d0ce9d-641a-447e-a683-f8153f469237,human,cropped,3.2041,5.959225,3.4428,6.4963,3.3745,6.342625,3.2172,5.9887,3.1329,5.799024999999999,3.2743,6.1171750000000005
human_0cb36322-0dbd-491e-811e-dcab5bb3173a,human,cropped,2.2655,3.8473749999999995,2.5854,4.56715,2.3654,4.072150000000001,2.2801,3.8802250000000003,2.2502,3.81295,2.3493,4.035925
human_0e3fb9f3-fae5-4e51-b4ae-f1bb311f6122,human,cropped,3.191,5.929749999999999,3.4267,6.460075,3.3894,6.376150000000001,3.2134,5.98015,3.1253,5.781925,3.2692,6.105700000000001
human_13744bdf-1138-4f10-ae20-9d11d6e53554,human,cropped,2.6459,4.7032750000000005,2.9637,5.418324999999999,2.8399,5.139775,2.7088,4.8448,2.6501,4.712725000000001,2.7617,4.963825
human_15b57a8c-a4e3-4eaa-8536-74094317a9de,human,cropped,3.0478,5.60755,3.3047,6.185575,3.1704,5.8834,3.0145,5.5326249999999995,2.9751,5.443975,3.1025,5.730625
human_177f9f64-5ebc-441f-ace9-82d9b098053f,human,cropped,2.5539,4.496275000000001,2.8667,5.200075,2.6981,4.820725,2.6199,4.644774999999999,2.562,4.5145,2.6601,4.735225
human_1d5ef881-caa6-4cb1-aa55-ad7eaacb1549,human,cropped,3.2996,6.174099999999999,3.5145,6.6576249999999995,3.4491,6.5104750000000005,3.2849,6.141025,3.2272,6.0112,3.3551,6.298975
human_1dcd39f9-5456-46b5-ac48-9c797fe2fb53,human,cropped,2.8305,5.118625,3.0991,5.722975,3.0675,5.6518749999999995,2.9037,5.2833250000000005,2.8174,5.08915,2.9436,5.3731
human_2376855e-3533-4774-8b96-4a7f3cb08567,human,cropped,3.1028,5.731299999999999,3.3628,6.3163,3.3421,6.269724999999999,3.1625,5.8656250000000005,3.0652,5.6467,3.2071,5.965975
human_255881a6-b563-42ea-8478-3ab3ce55a055,human,cropped,2.2152,3.7341999999999995,2.5458,4.47805,2.3247,3.980575,2.2381,3.7857250000000002,2.217,3.7382500000000003,2.3082,3.9434499999999995
human_25600f24-d16d-43cf-b2d9-cc0678d87197,human,cropped,2.0832,3.4372000000000003,2.4168,4.187799999999999,2.141,3.56725,2.0649,3.3960250000000003,2.0735,3.415375,2.1559,3.6007749999999996
human_27c331f1-9801-4ff0-b5aa-ae749a877dd4,human,cropped,2.5186,4.41685,2.8316,5.1211,2.6946,4.812849999999999,2.5896,4.5766,2.5025,4.380625,2.6274,4.66165
human_28ba34ed-9eed-44fe-a726-d25f5c32f637,human,cropped,3.7486,7.18435,3.8925,7.508125,3.9727,7.688575,3.6818,7.03405,3.6116,6.8761,3.7814,7.2581500000000005
human_28fe4b23-12f5-4ca6-b05e-cb9d872be745,human,cropped,3.1242,5.779450000000001,3.3916,6.3811,3.3523,6.292675,3.173,5.8892500000000005,3.0924,5.7079,3.2267,6.0100750000000005
human_2beee6c6-873e-4cc1-8d19-5521d4a2160e,human,cropped,3.9112,7.5502,3.9891,7.725475,4.0113,7.775425,3.7318,7.1465499999999995,3.6765,7.022125,3.864,7.444
human_2c3fc810-1b23-40b7-90f3-517d87255ed2,human,cropped,2.2663,3.8491750000000007,2.6029,4.6065249999999995,2.3695,4.0813749999999995,2.2965,3.917125,2.2596,3.8340999999999994,2.359,4.05775
human_317d951a-c151-48b1-b8a5-da9799f5698b,human,cropped,2.5015,4.378375,2.8184,5.0914,2.5814,4.5581499999999995,2.5302,4.44295,2.5004,4.3759,2.5864,4.5694
human_334f993e-046e-45a1-8d90-7abab87b36cb,human,cropped,3.9181,7.565725,4.0061,7.763725,4.1083,7.993675,3.7759,7.245775,3.7312,7.1452,3.9079,7.542775000000001
human_371238de-b9a8-4fec-b65e-12f46a855894,human,cropped,3.2953,6.1644250000000005,3.5231,6.676975,3.4463,6.504175,3.2626,6.09085,3.1997,5.949325,3.3454,6.277150000000001
human_37ad6d27-186f-4afe-bd3f-932c145bc3bc,human,cropped,4.0483,7.858675000000001,4.0908,7.9543,4.112,8.002,3.8172,7.3387,3.7856,7.2676,3.9708,7.6843
human_3cb2ea04-4381-4bf5-9c29-dbedc7e47ab5,human,cropped,2.9595,5.408874999999999,3.2225,6.000625,3.19,5.9275,3.0156,5.5351,2.9287,5.339575,3.0633,5.642424999999999
human_4721246e-489b-4193-9635-908be6d0c80f,human,cropped,2.4733,4.314925000000001,2.796,5.0409999999999995,2.6617,4.738825,2.5302,4.44295,2.46,4.285,2.5842,4.56445
human_4770f9df-c1ab-4baf-b63a-2702afefae4f,human,cropped,4.4869,8.845525,4.4493,8.760925,4.5514,8.99065,4.2202,8.24545,4.2084,8.218900000000001,4.3832,8.612200000000001
human_489f3fea-5451-4343-95d9-8560b30999e3,human,cropped,2.1658,3.62305,2.494,4.3615,2.2196,3.7440999999999995,2.1066,3.4898499999999997,2.1308,3.5443,2.2234,3.7526499999999996
human_4bc03749-658d-4f7e-98c2-19104873069f,human,cropped,2.4843,4.339675000000001,2.8151,5.083975000000001,2.5606,4.51135,2.5396,4.4641,2.5082,4.39345,2.5816,4.5586
human_4c494e30-28d8-4eae-83a6-ceffa6c29c0c,human,cropped,2.6261,4.6587250000000004,2.9388,5.3623,2.6528,4.7188,2.6326,4.67335,2.6229,4.6515249999999995,2.6946,4.812849999999999
human_4df22174-d034-4e67-bd5e-755756d0aaec,human,cropped,2.8052,5.0617,3.0908,5.704300000000001,2.9371,5.358475,2.8255,5.107374999999999,2.777,4.9982500000000005,2.8871,5.2459750000000005
human_4e141530-9bad-4d21-a008-3a53720bf251,human,cropped,2.9316,5.3461,3.2281,6.013225,3.1745,5.892625000000001,3.0246,5.55535,2.9346,5.35285,3.0587,5.632075
human_522c0cd0-969d-495e-a33d-a73c88ef39ff,human,cropped,3.1377,5.809825,3.3747,6.343075,3.3443,6.274675,3.1371,5.8084750000000005,3.044,5.599,3.2076,5.967099999999999
human_5e7d4630-65a2-4db9-9d16-64dcc71f962b,human,cropped,2.5886,4.57435,2.9121,5.302225,2.6422,4.6949499999999995,2.6298,4.66705,2.5886,4.57435,2.6723,4.762675
human_5ff7ba40-03db-4000-9776-684424a6fb64,human,cropped,2.5219,4.424275,2.8338,5.12605,2.6328,4.6738,2.5657,4.522825,2.5266,4.434850000000001,2.6162,4.63645
human_615515e0-4940-47b8-a4b6-ae362cdd8a86,human,cropped,3.2798,6.12955,3.5236,6.678100000000001,3.4811,6.5824750000000005,3.3143,6.207174999999999,3.2353,6.029425,3.3668,6.3253
human_635d5daa-133b-45ec-9ca8-bb95073be487,human,cropped,2.5689,4.530025,2.8824,5.2354,2.6537,4.7208250000000005,2.5922,4.58245,2.5658,4.52305,2.6526,4.71835
human_6b6fda83-98df-4a08-860a-07f896a626e0,human,cropped,4.1048,7.9858,4.1369,8.058025,4.2021,8.204725,3.8698,7.457050000000001,3.8361,7.381225000000001,4.0299,7.817274999999999
human_6ca6b4d7-282e-4c62-a5db-396b48f7e2eb,human,cropped,2.5678,4.52755,2.878,5.2255,2.5691,4.530475000000001,2.5418,4.469049999999999,2.5452,4.476699999999999,2.6204,4.6459
human_7062d45b-66ed-4ebe-93ae-6c6a5d9aac6b,human,cropped,3.0231,5.551975,3.286,6.1435,3.1311,5.794975,3.0272,5.5612,2.9735,5.440375,3.0882,5.69845
human_788c3307-73f6-498b-ada2-0041edd77732,human,cropped,2.6138,4.63105,2.921,5.3222499999999995,2.7124,4.8529,2.6568,4.7278,2.6115,4.625875,2.7031,4.831975
human_7c2c45a3-578f-4f52-b602-1854153c65c7,human,cropped,3.175,5.89375,3.4287,6.464575,3.3423,6.270175,3.1913,5.930425,3.1228,5.776299999999999,3.252,6.066999999999999
human_80558d4a-ed62-4434-9fee-49785b54d065,human,cropped,4.464,8.794,4.4171,8.688474999999999,4.5099,8.897275,4.1808,8.156799999999999,4.1593,8.108425,4.3462,8.528949999999998
human_84154ccd-d487-4061-999b-8026feabff40,human,cropped,3.4805,6.581125,3.6782,7.02595,3.7428,7.1713,3.4771,6.573475,3.388,6.372999999999999,3.5533,6.744925
human_892ce9c9-b005-4835-85d3-61e09ab7de2c,human,cropped,2.2529,3.819025,2.5725,4.538124999999999,2.3018,3.92905,2.2262,3.75895,2.2198,3.7445500000000003,2.3146,3.95785
human_8ab8d6d3-df73-4152-98ad-a7ae81e1ef55,human,cropped,2.201,3.7022500000000003,2.5217,4.423825,2.2522,3.8174500000000005,2.199,3.6977499999999996,2.1823,3.660175,2.2712,3.8602
human_8bf8b018-78c6-46f6-b7ff-a59466f84bfc,human,cropped,2.7956,5.0401,3.0992,5.7232,2.9302,5.34295,2.8591,5.182975000000001,2.804,5.058999999999999,2.8976,5.2696000000000005
human_8f6b81a3-279d-4b00-8444-67119ef9ff32,human,cropped,2.1038,3.48355,2.3985,4.146625,2.0928,3.4588,2.0434,3.3476500000000002,2.0854,3.44215,2.1448,3.5758
human_8f9818f2-654f-44f5-8502-4041b704ef77,human,cropped,2.1294,3.54115,2.4633,4.292425,2.1748,3.6432999999999995,2.0902,3.4529499999999995,2.1056,3.4875999999999996,2.1927,3.683575
human_90c4927c-d2cb-4f47-ad94-28e9b2b3a543,human,cropped,2.4763,4.321675000000001,2.8011,5.052474999999999,2.6468,4.705299999999999,2.5374,4.459149999999999,2.4728,4.3138,2.5869,4.570525
human_90cbe516-ec49-45b0-bd3d-6dad05125c0a,human,cropped,2.8958,5.26555,3.1564,5.8519000000000005,3.0591,5.632975,2.9069,5.290525,2.8537,5.170825,2.9744,5.4424
human_95426f15-137d-43f0-80b8-fc651a1ac6e7,human,cropped,3.1559,5.850775,3.3917,6.381325,3.3752,6.3442,3.1847,5.915575,3.0911,5.704975,3.2397,6.039325
human_95ae9da4-1275-4d22-bcaf-b18c4493490d,human,cropped,3.3547,6.298075,3.5635,6.767875,3.4981,6.620725,3.311,6.19975,3.2387,6.037075000000001,3.3932,6.3847000000000005
human_98061082-4ed2-486d-87b6-5dc32811a24e,human,cropped,2.0301,3.3177250000000003,2.3523,4.042675,2.0277,3.3123249999999995,1.975,3.19375,2.0107,3.274075,2.0792,3.4282000000000004
human_9cd30fe5-ac26-4beb-88c7-943783835a83,human,cropped,3.4167,6.437575,3.6121,6.877224999999999,3.5885,6.8241249999999996,3.3633,6.317425,3.2704,6.1084,3.4502,6.51295
human_9ce3044e-f70f-4c08-a10c-e0a29478f4ff,human,cropped,2.2418,3.79405,2.5409,4.4670250000000005,2.3213,3.972925,2.2028,3.7062999999999997,2.2009,3.702025,2.3015,3.928375
human_ab5c4aed-3e60-4ba0-830d-1df6a364a6e5,human,cropped,3.7281,7.138225,3.8796,7.4791,3.8554,7.42465,3.5787,6.802075,3.5159,6.660774999999999,3.7115,7.100875
human_bba4d2d7-5d2b-4e63-9e6a-966903244dfa,human,cropped,2.4906,4.35385,2.8448,5.1508,2.6624,4.740399999999999,2.5639,4.518775,2.4985,4.371625,2.612,4.627000000000001
human_bca5d802-0c89-4096-99ef-ed82dffd980e,human,cropped,4.3545,8.547625,4.3292,8.4907,4.4183,8.691175000000001,4.0496,7.861599999999999,4.0488,7.8598,4.2401,8.290225
human_bd3efc09-34f4-4aa0-940e-7c5fe31c2671,human,cropped,2.9379,5.360275,3.2282,6.013450000000001,3.2179,5.9902750000000005,3.0273,5.561425,2.9293,5.340925,3.0681,5.653225
human_c2ccee89-89f7-4a68-857c-0edb6cdf1e13,human,cropped,2.3006,3.9263500000000002,2.6364,4.681900000000001,2.3211,3.9724749999999998,2.3246,3.9803500000000005,2.3222,3.97495,2.381,4.10725
human_c375bcde-6044-461c-ba7a-0e50424f6abf,human,cropped,2.6335,4.675375000000001,2.9525,5.393125,2.8443,5.149675,2.7316,4.8961,2.6261,4.6587250000000004,2.7576,4.9546
human_c7baf4e9-bfa6-4056-bdb0-9f326eb5185c,human,cropped,3.8228,7.3513,3.944,7.624,3.9729,7.689025,3.6896,7.0516,3.6213,6.897925000000001,3.8101,7.322724999999999
human_cb70c2f3-0cdd-430f-a3cc-aeb00349b6df,human,cropped,2.5771,4.548475,2.9038,5.28355,2.7734,4.99015,2.6543,4.722175,2.5758,4.54555,2.6969,4.818025
human_cfde9e15-c18d-4036-b28c-8e333f191f7f,human,cropped,2.8604,5.185899999999999,3.1691,5.880475,3.0709,5.659525,2.9197,5.319325,2.8409,5.142025,2.9722,5.43745
human_d08e1e82-a291-4d07-981d-f2b81ddc6bea,human,cropped,3.1121,5.752224999999999,3.3648,6.320799999999999,3.3444,6.2749,3.144,5.824,3.0634,5.642650000000001,3.2057,5.9628250000000005
human_d2553232-8a46-40ff-917c-4ac2ee9958b6,human,cropped,2.9492,5.3857,3.2173,5.988925,3.1022,5.72995,2.9953,5.489425,2.9188,5.3173,3.0366,5.58235
human_d2ec7199-62cb-4d3f-b78d-4f795a7106f6,human,cropped,3.1404,5.8159,3.3951,6.388974999999999,3.2799,6.129775,3.1446,5.82535,3.0723,5.662674999999999,3.2065,5.964625
human_d72a7061-eaf1-42d7-a254-bcb4fb0afb98,human,cropped,3.3937,6.385825,3.5914,6.83065,3.5961,6.841225,3.3764,6.3469,3.275,6.1187499999999995,3.4465,6.504625
human_d8043ae3-7631-4f56-9f8d-b903ae3b6a7e,human,cropped,4.0289,7.815025,4.0725,7.913124999999999,4.1223,8.025175,3.8158,7.33555,3.7729,7.239025,3.9625,7.6656249999999995
human_d8623a59-38de-4a3e-97c8-e387ff3655c7,human,cropped,2.4117,4.176325,2.7351,4.903975,2.397,4.14325,2.4175,4.189375,2.4153,4.184424999999999,2.4753,4.319425
human_db5da3d4-2ea1-4ee5-9ef2-180589cf3680,human,cropped,3.0179,5.540275,3.2652,6.0967,3.1882,5.923450000000001,3.0448,5.6008,2.9697,5.431825,3.0972,5.7187
human_def7cfd0-5d63-44cf-a853-3be18c12965d,human,cropped,2.8166,5.087350000000001,3.119,5.76775,3.0734,5.66515,2.9188,5.3173,2.8175,5.0893749999999995,2.9491,5.3854750000000005
human_e7cfdd36-cfb8-406f-b67a-6b47cacdea25,human,cropped,3.2659,6.098274999999999,3.5143,6.657175,3.4723,6.5626750000000005,3.276,6.1209999999999996,3.1861,5.918725,3.3429,6.2715250000000005
human_ec620af8-1b23-4e6a-ba27-15457aedfe18,human,cropped,2.5959,4.590775,2.9204,5.3209,2.7496,4.9366,2.6764,4.7719000000000005,2.615,4.633750000000001,2.7115,4.850875
human_edc015a4-b877-4cf3-a00d-a6e29d80e033,human,cropped,3.824,7.353999999999999,3.9316,7.5961,3.8929,7.509025,3.663,6.99175,3.6176,6.8896,3.7858,7.268050000000001
human_ef08850d-3101-48a0-867d-d4279c9c1f49,human,cropped,2.5513,4.490425,2.8724,5.212899999999999,2.6081,4.618225,2.5956,4.5901000000000005,2.5695,4.531375000000001,2.6394,4.688650000000001
human_f1dbbe7d-b043-4eda-becc-ff96acbc05dd,human,cropped,4.1008,7.976799999999999,4.1081,7.993225000000001,4.2094,8.221149999999998,3.8902,7.50295,3.8784,7.4764,4.0374,7.834149999999999
human_f941e0fc-90cc-4458-a07e-0a67a5a20bdd,human,cropped,3.6119,6.876774999999999,3.7868,7.2703,3.8071,7.315975,3.5271,6.685975,3.46,6.535,3.6386,6.93685
human_fb3b8647-4f26-43c0-ac6a-b9c978378d05,human,cropped,3.3599,6.309775,3.5767,6.797575,3.6172,6.8887,3.3682,6.32845,3.2885,6.149125,3.4421,6.494725
mureka_011931d3-43ee-4a30-962f-06dd770c9cf3,mureka,cropped,4.1277,8.037325,4.1625,8.115625,4.1349,8.053525,3.834,7.3765,3.8347,7.378075000000001,4.0188,7.792299999999999
mureka_0253b74f-816d-435d-893a-32f72b90301e,mureka,full,3.6745,7.017625000000001,3.8272,7.3612,3.756,7.201,3.5423,6.720175,3.4739,6.566275,3.6548,6.9733
mureka_02bd1fb3-4288-4388-bf87-956edd671861,mureka,full,2.0067,3.265075,2.308,3.9429999999999996,1.9158,3.06055,1.9507,3.139075,2.0389,3.337525,2.044,3.349
mureka_081ff3ef-5076-44da-ad83-f74f1b61346f,mureka,cropped,1.7051,2.586475,2.0121,3.2772250000000005,1.6904,2.5534,1.583,2.31175,1.69,2.5524999999999998,1.7361,2.656225
mureka_08637a85-5238-4c99-8535-d7b2a32f220b,mureka,cropped,2.7546,4.94785,3.0513,5.615425,2.922,5.3245000000000005,2.8453,5.151925,2.7837,5.013325,2.8714,5.21065
mureka_0878c76b-d97e-4964-8277-83c7e6bc1748,mureka,cropped,2.8645,5.195125,3.1479,5.832775,3.0868,5.6953000000000005,2.9045,5.285125,2.8469,5.155525000000001,2.9701,5.432725
mureka_09792c76-4d82-4590-be79-2b0e57115b07,mureka,full,4.2471,8.305975,4.2276,8.2621,4.3106,8.44885,3.9749,7.693524999999999,3.9586,7.65685,4.1438,8.07355
mureka_0993e67b-4009-414e-b9e7-ad8c4132a197,mureka,full,3.7698,7.23205,3.7956,7.2901,3.6389,6.937525,3.5746,6.7928500000000005,3.5604,6.7609,3.6679,7.002775
mureka_09e4733b-9c86-4d99-851f-9461c5cad736,mureka,cropped,3.6464,6.9544,3.8088,7.319800000000001,3.7365,7.157125,3.4757,6.5703249999999995,3.4383,6.486174999999999,3.6211,6.897475
mureka_0f385b15-e85b-4779-a045-bfd8dc3a1da2,mureka,full,4.5042,8.884450000000001,4.4782,8.82595,4.4887,8.849575,4.1912,8.180200000000001,4.187,8.170750000000002,4.3699,8.582275000000001
mureka_100804ff-401e-45af-9367-942e63ca3cb8,mureka,cropped,3.7448,7.175800000000001,3.8704,7.4584,3.6967,7.067575,3.5452,6.7267,3.5069,6.640525,3.6728,7.0138
mureka_1058071e-4d1b-46e0-b16e-0d7d9c4c77cc,mureka,full,4.2547,8.323075,4.2386,8.28685,4.2803,8.380675,3.9387,7.612075,3.9406,7.61635,4.1306,8.04385
mureka_12cf28b8-a705-4072-82ea-38fc7557c6d8,mureka,full,2.3439,4.0237750000000005,2.6961,4.816224999999999,2.4365,4.232125,2.3788,4.1023,2.3404,4.015899999999999,2.4391,4.237975
mureka_13695635-aeae-442f-8eb8-83433608c04a,mureka,cropped,4.3707,8.584075,4.3428,8.5213,4.3528,8.543800000000001,4.0516,7.866099999999999,4.0483,7.858675000000001,4.2332,8.2747
mureka_155f4528-7625-411d-a960-ee30364acfff,mureka,full,4.3839,8.613775,4.3526,8.54335,4.2984,8.4214,4.0642,7.894449999999999,4.0572,7.8787,4.2313,8.270425
mureka_161c86d1-2864-40d4-a5a1-824b1f39a789,mureka,full,2.0285,3.3141250000000007,2.3561,4.0512250000000005,1.9965,3.2421249999999997,2.0171,3.288475,2.0789,3.427525,2.0954,3.4646500000000002
mureka_172139e1-5a07-440e-9b16-09a0306acc97,mureka,full,2.6167,4.637575,2.8805,5.2311250000000005,2.5567,4.502575,2.5481,4.483224999999999,2.5879,4.572775,2.638,4.685499999999999
mureka_1a31f072-27fb-47e9-a619-00b6a3058893,mureka,full,4.2216,8.2486,4.2254,8.25715,4.1964,8.1919,3.9232,7.5772,3.8999,7.524775,4.0933,7.959925
mureka_1aa29cdf-8b19-4251-bcf2-0610b7b75c8e,mureka,full,3.0249,5.556025,3.157,5.85325,2.8565,5.177125,2.9151,5.308974999999999,2.9629,5.416525,2.9833,5.462425
mureka_1ade7656-2764-4cf6-9b0d-b018d5f7462e,mureka,full,4.3552,8.549199999999999,4.3158,8.460550000000001,4.2772,8.3737,4.0322,7.822449999999999,4.001,7.752250000000001,4.1963,8.191675
mureka_1c16ecc0-7be0-4a6d-af32-ade161547321,mureka,cropped,4.1458,8.078050000000001,4.1507,8.089075,4.2023,8.205175,3.8743,7.467174999999999,3.8514,7.415649999999999,4.0449,7.851025
mureka_1cb1202e-27dd-4d3d-895f-6e5aa6092c5b,mureka,full,3.3677,6.327325,3.5768,6.7978,3.5342,6.701949999999999,3.305,6.18625,3.2292,6.0157,3.4026,6.40585
mureka_1d47330a-8e67-4dc3-9ae1-135ef8e32157,mureka,full,3.7462,7.17895,3.8837,7.488325000000001,3.7945,7.287625,3.5597,6.759325,3.5354,6.70465,3.7039,7.083775
mureka_20964d85-cd25-4e10-a5c7-85c2191ffc6b,mureka,cropped,4.4086,8.66935,4.3842,8.61445,4.4751,8.818975000000002,4.1142,8.00695,4.107,7.99075,4.2978,8.42005
mureka_21f4f7ce-6d67-4ea6-917c-2a5bfe1a2a1d,mureka,cropped,2.7014,4.82815,2.976,5.446,2.897,5.268249999999999,2.7646,4.97035,2.6725,4.763125,2.8023,5.055174999999999
mureka_234cc2da-32be-447f-bad6-a9570229673c,mureka,full,3.0556,5.6251,3.3036,6.1831,3.2405,6.041125,3.0674,5.65165,2.9975,5.494375,3.1329,5.799024999999999
mureka_242d7279-fa7f-4d40-8cbe-8cdf9752e1ee,mureka,full,3.4021,6.404725,3.6089,6.870025,3.5135,6.655375,3.3114,6.2006499999999996,3.2724,6.112900000000001,3.4217,6.448825
mureka_24af80e7-cb4b-4f7f-b5ae-09f0c6936945,mureka,full,1.86,2.9350000000000005,2.1226,3.5258499999999997,1.7239,2.628775,1.7283,2.638675,1.8811,2.982475,1.8632,2.9421999999999997
mureka_28c07242-00cc-40dc-85df-b3e70a515587,mureka,full,4.1933,8.184925,4.2043,8.209675,4.1955,8.189875,3.886,7.4935,3.8887,7.499575,4.0736,7.9155999999999995
mureka_29b4c122-0a62-4cd8-a2f0-81662ed3183f,mureka,cropped,2.0724,3.4129,2.3529,4.0440249999999995,1.9477,3.132325,1.9769,3.1980250000000003,2.0923,3.4576749999999996,2.0884,3.4489
mureka_2d7a7c31-126b-4f70-babe-a74d30ea2f5a,mureka,full,2.7331,4.899475,3.0248,5.5558,2.7358,4.90555,2.6901,4.802725000000001,2.6851,4.791475,2.7738,4.9910499999999995
mureka_2dce6773-8c62-4117-9ed8-63e60a8f1494,mureka,full,3.4306,6.46885,3.6523,6.967675,3.5824,6.8104,3.382,6.359500000000001,3.304,6.183999999999999,3.4703,6.558175
mureka_2e2f8465-05db-4cc0-b472-1ec8f4c26a98,mureka,full,1.9703,3.183175,2.2474,3.8066499999999994,1.8468,2.9053,1.8697,2.956825,1.989,3.2252500000000004,1.9846,3.21535
mureka_2f1a01fc-b35c-4456-b8af-148e5f679202,mureka,full,4.5825,9.060624999999998,4.5351,8.953975,4.5587,9.007075,4.2884,8.398900000000001,4.2669,8.350525,4.4463,8.754175
mureka_3017a3cb-dbfe-4d5e-b7d7-2ef709b8ca27,mureka,full,2.31,3.9475000000000002,2.6088,4.6198,2.2565,3.8271249999999997,2.2654,3.84715,2.3234,3.9776499999999997,2.3528,4.043799999999999
mureka_321d19f3-e172-459a-97b4-a496f37a8e7e,mureka,full,3.2721,6.1122250000000005,3.5922,6.83245,3.586,6.818499999999999,3.3585,6.3066249999999995,3.2435,6.047875,3.4105,6.4236249999999995
mureka_33040448-7603-4551-9e38-964876250f83,mureka,full,4.3309,8.494525,4.3119,8.451775,4.3143,8.457175,4.0155,7.784875,4.0035,7.757874999999999,4.1952,8.1892
mureka_394366e8-cb8a-4f9e-8755-99ee61574d01,mureka,full,1.9873,3.221425,2.2739,3.8662749999999995,1.8674,2.95165,1.8819,2.984275,2.0042,3.25945,2.0029,3.256525
mureka_41e9eafc-7829-4570-b658-a86d16313786,mureka,full,2.5849,4.566025000000001,2.894,5.2615,2.5878,4.57255,2.5782,4.550949999999999,2.5694,4.53115,2.6429,4.696525
mureka_4242badd-a503-40d0-873a-3eb40184fccd,mureka,full,3.0739,5.666275000000001,3.388,6.372999999999999,3.379,6.35275,3.1706,5.88385,3.0459,5.603275,3.2115,5.975875
mureka_42a85bc2-b64c-48eb-b55c-fea207ce52c3,mureka,cropped,2.0498,3.3620499999999995,2.3274,3.98665,1.9431,3.121975,1.9528,3.1438,2.0694,3.40615,2.0685,3.4041249999999996
mureka_46205943-cbf6-41ee-a9a4-7d570632073a,mureka,full,2.1534,3.59515,2.4759,4.320775,2.1076,3.4921,2.1245,3.5301249999999995,2.185,3.6662500000000002,2.2093,3.7209249999999994
mureka_4986b546-6329-4114-82a0-99ddfd12a4f7,mureka,full,2.4659,4.298275,2.7663,4.974175000000001,2.4551,4.273975,2.4465,4.254625,2.4542,4.27195,2.5176,4.4146
mureka_4c025957-1070-4c85-95be-141c106f3ef2,mureka,full,2.9897,5.476825,3.1553,5.849425,2.9045,5.285125,2.9119,5.301775,2.9239,5.328775,2.9771,5.448475
mureka_53631038-5393-4808-8c83-737310dc22b0,mureka,full,3.3112,6.2002,3.5401,6.715224999999999,3.4979,6.620275,3.2953,6.1644250000000005,3.1902,5.92795,3.3669,6.325525
mureka_5ca16b1f-ed6a-4721-9f68-f93282bb2e4e,mureka,full,3.2818,6.13405,3.5017,6.628825,3.4112,6.4252,3.2474,6.056649999999999,3.1554,5.8496500000000005,3.3195,6.218875000000001
mureka_5ed9317a-531e-4e73-b695-f94326340ca0,mureka,full,3.525,6.6812499999999995,3.7221,7.124725000000001,3.6105,6.8736250000000005,3.4248,6.4558,3.3951,6.388974999999999,3.5355,6.7048749999999995
mureka_5fe946c6-f621-45a0-8d93-cfc6f11047c2,mureka,full,3.6267,6.910075,3.7373,7.158925,3.6357,6.930325,3.5408,6.7168,3.5284,6.6889,3.6138,6.88105
mureka_623af694-8ce2-40e9-86af-fb0bf1703a0b,mureka,full,3.9502,7.63795,4.0482,7.8584499999999995,4.0706,7.908849999999999,3.7589,7.207525,3.7131,7.104475,3.9082,7.54345
mureka_6650ddef-3133-4393-8418-3d42e70151e2,mureka,full,2.2593,3.833425,2.5522,4.49245,2.1674,3.6266500000000006,2.2463,3.8041750000000003,2.3146,3.95785,2.308,3.9429999999999996
mureka_6a494070-6b09-43b3-8b7e-9b4ed6209396,mureka,full,4.2201,8.245225000000001,4.2134,8.23015,4.1857,8.167825,3.9654,7.672149999999999,3.9136,7.5556,4.0996,7.974099999999999
mureka_6a94afdf-ed8e-45b8-96fc-68b2329e3737,mureka,full,2.1193,3.5184249999999997,2.4176,4.1896,2.0244,3.3049,2.0421,3.344725,2.1412,3.5677,2.1489,3.5850249999999995
mureka_6b40ee82-dcd0-4caa-9f26-49f96ed12d8c,mureka,full,4.5146,8.90785,4.474,8.816500000000001,4.4899,8.852274999999999,4.2112,8.2252,4.1909,8.179525,4.3761,8.596225
mureka_6b441d23-108a-48da-9a8b-5c9eb1996a41,mureka,full,1.991,3.22975,2.2757,3.8703250000000002,1.8624,2.9404000000000003,1.9031,3.031975,2.0236,3.3031,2.0112,3.2752000000000003
mureka_6dc9f487-12d5-47c4-911d-a95aa4c095b9,mureka,full,1.9966,3.24235,2.2684,3.8539000000000003,1.8756,2.9701,1.8927,3.008575,2.0107,3.274075,2.0088,3.2698
mureka_6f01e974-2e63-43b9-8a48-aebdcc72cb49,mureka,cropped,2.1634,3.6176500000000003,2.4549,4.273524999999999,2.0659,3.398275,2.086,3.4435,2.1948,3.6883,2.193,3.68425
mureka_6f0346a5-47fc-4577-8532-dfe015cd61e0,mureka,full,2.8076,5.0671,3.0982,5.720949999999999,2.8427,5.146075,2.7963,5.041675,2.7806,5.00635,2.8651,5.1964749999999995
mureka_70762933-6c26-47f8-acd8-8b65b633b0a6,mureka,full,3.5809,6.807025,3.7508,7.189299999999999,3.5869,6.820525,3.4381,6.4857249999999995,3.4104,6.4234,3.5534,6.74515
mureka_73a50b2f-758f-4778-9b2c-80f3f243a775,mureka,full,4.4639,8.793775,4.4346,8.72785,4.4516,8.7661,4.1494,8.08615,4.1483,8.083675,4.3296,8.4916
mureka_748c9862-7ec1-4761-bcce-e90588b3cc3b,mureka,full,2.1282,3.53845,2.4506,4.26385,2.1254,3.5321499999999997,2.1154,3.5096500000000006,2.1466,3.5798499999999995,2.1932,3.6847000000000003
mureka_75dca759-2241-4dad-af49-84065c0c06b7,mureka,full,3.5255,6.682375,3.7317,7.146325,3.6539,6.971275,3.429,6.465249999999999,3.3482,6.283449999999999,3.5377,6.709825
mureka_7827881f-f0ec-4847-b038-bb5026442581,mureka,full,2.0932,3.4596999999999998,2.4151,4.183974999999999,2.0997,3.474325,2.0692,3.4057,2.1122,3.50245,2.1579,3.6052750000000002
mureka_79ed94d1-4b6f-4d71-9681-705e45b9df5a,mureka,cropped,2.394,4.1365,2.7305,4.893625,2.4152,4.184200000000001,2.3983,4.1461749999999995,2.4016,4.153600000000001,2.4679,4.3027750000000005
mureka_79fedb8b-1a54-43d9-a518-86003ec851fe,mureka,full,3.6921,7.057225,3.8552,7.4242,3.8711,7.459975,3.5895,6.8263750000000005,3.5461,6.728725,3.7108,7.0992999999999995
mureka_7d829ab7-ff63-4155-a689-1e59f663dc43,mureka,full,4.0432,7.847199999999999,4.0808,7.9318,4.1808,8.156799999999999,3.8074,7.31665,3.7866,7.26985,3.9798,7.70455
mureka_80f79cd6-2318-44e3-ae04-df6ef09ed420,mureka,full,3.7913,7.280425,3.8606,7.436349999999999,3.8647,7.445575,3.7039,7.083775,3.658,6.9805,3.7757,7.245325
mureka_8440088a-999b-4121-a329-b045ff368374,mureka,full,4.6554,9.22465,4.6043,9.109675000000001,4.6953,9.314425,4.3963,8.641675,4.378,8.6005,4.5459,8.978275
mureka_8797a0b0-b528-48a0-a2ac-4f806b4da302,mureka,full,4.3084,8.4439,4.2938,8.41105,4.2994,8.42365,3.9953,7.739425,3.9876,7.7221,4.1769,8.148025
mureka_879dfd8b-1793-4d3a-810c-b8ec3c513f9c,mureka,full,3.0882,5.69845,3.3225,6.225624999999999,3.2417,6.043825,3.0801,5.680225,3.0001,5.500225,3.1465,5.829625
mureka_8888b0fc-7d66-427c-9398-4248f903e338,mureka,cropped,1.9009,3.027025,2.1767,3.647575,1.7999,2.7997750000000003,1.7787,2.7520749999999996,1.9063,3.039175,1.9125,3.053125
mureka_8a272ace-f148-48fb-ad2f-39453f97c79b,mureka,full,2.9702,5.43295,3.2498,6.06205,3.0729,5.6640250000000005,2.939,5.36275,2.9238,5.32855,3.0311,5.5699749999999995
mureka_8aa7efde-28bb-462b-aef1-f1455e9c089c,mureka,full,3.0461,5.603725,3.306,6.1885,3.0821,5.684725,2.988,5.473,2.9547,5.3980749999999995,3.0754,5.669650000000001
mureka_8fabcd86-a113-4231-a705-c2d249866363,mureka,cropped,3.3359,6.255775,3.5506,6.73885,3.3657,6.322825,3.2159,5.985775,3.1825,5.9106250000000005,3.3301,6.242725
mureka_92ddfc86-a9a9-4ba6-b4cb-682dfa14466a,mureka,full,2.423,4.2017500000000005,2.7392,4.9132,2.5566,4.50235,2.4798,4.32955,2.4219,4.199275,2.5241,4.429225
mureka_936e42f2-891e-4b5d-8ae2-1eb930d11fdc,mureka,full,2.6134,4.63015,2.8935,5.260375,2.7929,5.034025,2.668,4.753,2.5771,4.548475,2.709,4.84525
mureka_94f85b99-1923-40b8-aefa-f2700c2625ee,mureka,full,3.3877,6.372325,3.5847,6.815575000000001,3.4946,6.61285,3.2947,6.163075,3.2461,6.053725,3.4016,6.403600000000001
mureka_985f4324-9d27-4e58-94fc-a4719b1abe9b,mureka,full,2.1726,3.63835,2.4995,4.373875,2.1605,3.6111249999999995,2.157,3.60325,2.1791,3.652975,2.2337,3.7758249999999993
mureka_98707792-f7b0-4848-9483-258e7a128601,mureka,cropped,4.4771,8.823475,4.4374,8.73415,4.5824,9.0604,4.2159,8.235775,4.209,8.22025,4.3844,8.6149
mureka_99bfbacc-3c3b-4da4-8bae-4958b26fd33b,mureka,full,3.8208,7.3468,3.9297,7.591825,3.9455,7.627375,3.6551,6.973975,3.6077,6.867325,3.7918,7.281549999999999
mureka_9a114a9a-45ed-44e0-91c6-e543975577e7,mureka,full,4.4546,8.77285,4.419,8.69275,4.5052,8.886700000000001,4.1532,8.0947,4.1525,8.093125,4.3369,8.508025
mureka_9d3f7bbf-100d-4777-a1b6-6db51a62116d,mureka,full,2.5589,4.507524999999999,2.8728,5.213799999999999,2.5833,4.562424999999999,2.5825,4.560625,2.5702,4.53295,2.6335,4.675375000000001
mureka_9de97702-21cf-4d5e-8752-d2129665ec6d,mureka,cropped,2.513,4.404249999999999,2.8138,5.08105,2.5093,4.395925,2.4741,4.316725,2.5007,4.376575000000001,2.5622,4.51495
mureka_9e260dac-0ac6-4d7b-871f-7a27a65e13f1,mureka,full,2.2442,3.79945,2.5754,4.544650000000001,2.2717,3.861325,2.2133,3.7299249999999997,2.2458,3.80305,2.3101,3.9477249999999997
mureka_9fd021b7-6f06-432f-a286-bec8a894e730,mureka,full,4.1131,8.004475,4.1504,8.0884,4.194,8.186499999999999,3.8396,7.3891,3.8348,7.3783,4.0264,7.809399999999999
mureka_a6bb8d46-9c42-46cc-9a2a-0ab1b6d328dd,mureka,full,4.6351,9.178975000000001,4.5932,9.084700000000002,4.6717,9.261325000000001,4.3608,8.561800000000002,4.3475,8.531875,4.5217,8.923825
mureka_a707ecba-9b59-4c5d-833d-27a8acb0ad26,mureka,full,3.5612,6.7627,3.5681,6.778225,3.327,6.2357499999999995,3.3552,6.2992,3.381,6.35725,3.4385,6.486625
mureka_aa25baad-3365-4483-a80c-1becfbada63f,mureka,full,4.0857,7.942825,4.0935,7.960374999999999,4.1282,8.03845,3.8585,7.4316249999999995,3.8077,7.317325,3.9947,7.738075
mureka_ab839409-d1dd-4df8-9e37-8b50391cd941,mureka,cropped,3.4811,6.5824750000000005,3.6738,7.01605,3.5714,6.78565,3.3648,6.320799999999999,3.3468,6.2803,3.4876,6.5971
mureka_b17eb731-7a85-41e0-bdf8-1cb403c0789b,mureka,full,1.9355,3.104875,2.2113,3.725425,1.809,2.8202499999999997,1.8189,2.842525,1.9504,3.1384,1.945,3.12625
mureka_b47792d0-c176-430c-8db6-90d1387e4222,mureka,full,4.4314,8.72065,4.384,8.614,4.4403,8.740675,4.1133,8.004925,4.0895,7.9513750000000005,4.2917,8.406324999999999
mureka_b4de0e74-7b2f-484d-8e5c-be9670f75526,mureka,full,4.4085,8.669125000000001,4.3658,8.57305,4.4434,8.74765,4.0717,7.911325,4.0694,7.90615,4.2718,8.36155
mureka_b88e55e0-26ce-4f5b-bab7-8418e547b998,mureka,cropped,1.9002,3.0254499999999998,2.1643,3.619675,1.795,2.78875,1.7759,2.745775,1.9171,3.063475,1.9105,3.0486250000000004
mureka_bc283c80-485e-4cd8-ad57-d25e9521d86e,mureka,full,4.4697,8.806825,4.4343,8.727175,4.4809,8.832025,4.1547,8.098075,4.1425,8.070625,4.3364,8.506900000000002
mureka_bcf7149f-4f79-4282-9e48-1689eb44fecd,mureka,full,2.1053,3.4869250000000003,2.3823,4.110175,1.9949,3.2385249999999997,2.0226,3.3008500000000005,2.1326,3.54835,2.1275,3.5368749999999998
mureka_bd2b8515-9ada-4591-a54a-6d49d5b4b69a,mureka,full,3.7127,7.103574999999999,3.8637,7.443325000000001,3.7468,7.1803,3.5285,6.689125000000001,3.5093,6.645925,3.6722,7.01245
mureka_befc0fb7-d8fc-4e91-9e11-91f2c142233b,mureka,full,2.0991,3.472975,2.3841,4.114225,1.9843,3.2146749999999997,2.0075,3.2668749999999998,2.1218,3.52405,2.1194,3.5186500000000005
mureka_bf3d7391-37f1-4f24-bc07-af95fb81794c,mureka,cropped,1.9335,3.100375,2.2157,3.735325,1.7887,2.774575,1.8107,2.8240749999999997,1.9522,3.1424499999999997,1.9402,3.11545
mureka_bf9c0561-bc78-4a96-b6e2-226ed59cb81e,mureka,full,3.9327,7.598575,3.9281,7.588225,3.8411,7.392475,3.7689,7.2300249999999995,3.7556,7.2001,3.8453,7.401925
mureka_c00ccb00-8482-4e79-9c54-fefd5f406b9e,mureka,full,4.0648,7.8957999999999995,4.108,7.992999999999999,4.0744,7.9174,3.8153,7.334425,3.7793,7.253425,3.9684,7.6789
mureka_c14d75de-1864-473c-92a4-2e4d69700e8c,mureka,full,1.9083,3.0436750000000004,2.1711,3.634975,1.7717,2.736325,1.7784,2.7514,1.9155,3.059875,1.909,3.0452500000000002
mureka_c1635935-1264-4383-bd21-c099945d30d0,mureka,full,1.879,2.97775,2.1433,3.572425,1.7201,2.620225,1.7477,2.682325,1.9078,3.04255,1.8796,2.9791
mureka_c2e1be58-d476-4c4d-bfbd-cf7df16c54f3,mureka,full,2.5478,4.48255,2.8172,5.0887,2.4773,4.323925,2.4773,4.323925,2.5224,4.425400000000001,2.5684,4.5289
mureka_c822e016-752d-483e-beb1-440e87792e3e,mureka,full,3.9006,7.52635,3.9914,7.73065,3.9451,7.626475,3.6935,7.060375,3.6428,6.9463,3.8347,7.378075000000001
mureka_ca450fbe-be99-4364-9440-b3382837f70f,mureka,full,4.4583,8.781175000000001,4.4229,8.701525,4.454,8.7715,4.1297,8.041825,4.1117,8.001325,4.3153,8.459425
mureka_cceae30c-7c21-4e25-a992-3e6223ad6109,mureka,full,4.4691,8.805475000000001,4.4273,8.711424999999998,4.4986,8.871849999999998,4.1613,8.112925,4.1509,8.089525,4.3414,8.51815
mureka_cecd789f-64e9-4a26-818c-b1e571ad1e93,mureka,cropped,3.9957,7.7403249999999995,4.0601,7.885225,3.9808,7.706799999999999,3.7631,7.216975000000001,3.7244,7.1299,3.9048,7.5358
mureka_cf1f2a84-06d1-4733-957c-57e183ac5c3b,mureka,full,3.3266,6.23485,3.5417,6.718825,3.4405,6.491125,3.2709,6.1095250000000005,3.1986,5.9468499999999995,3.3557,6.300325
mureka_cf9d3b4b-2307-4839-99bd-ac1a317a254d,mureka,full,2.3218,3.97405,2.5906,4.578849999999999,2.2359,3.780775,2.2724,3.8629000000000007,2.337,4.00825,2.3515,4.040875
mureka_d2587a6e-a6ae-4a4d-b526-730a33dfef19,mureka,full,2.2445,3.800125,2.508,4.393,2.1281,3.5382249999999997,2.1793,3.653425,2.2608,3.8368,2.2641,3.844225
mureka_d3401063-f652-45e0-889a-29ea8937ebff,mureka,full,4.348,8.533,4.297,8.41825,4.2594,8.33365,4.0544,7.872400000000001,4.0482,7.8584499999999995,4.2014,8.203149999999999
mureka_d6ac69be-e141-4876-9247-320ae07a5ecf,mureka,full,2.1433,3.572425,2.4371,4.233475,2.0378,3.33505,2.0569,3.3780250000000005,2.1709,3.634525,2.1692,3.6307
mureka_d95add86-f048-4708-8a39-6f5867a0daf1,mureka,full,4.6224,9.1504,4.5909,9.079525,4.6654,9.24715,4.3464,8.529399999999999,4.3352,8.5042,4.5121,8.902225000000001
mureka_dacdadb7-80a5-4dea-b857-400d6c9b43b8,mureka,cropped,3.4635,6.5428749999999996,3.6689,7.005025,3.6952,7.0642,3.4645,6.5451250000000005,3.3295,6.241375,3.5243,6.6796750000000005
mureka_ddd2c4aa-34c9-4d03-8460-6a27055e7419,mureka,full,3.1716,5.886100000000001,3.4046,6.410349999999999,3.2094,5.97115,3.0698,5.65705,3.0398,5.58955,3.179,5.902749999999999
mureka_debfd967-9c75-48fa-8f9c-6f1e8946b715,mureka,cropped,3.1936,5.9356,3.4501,6.512725,3.4087,6.419575,3.2183,5.991175,3.1223,5.775175,3.2786,6.12685
mureka_e0c357aa-384e-4c3c-b9c7-376f4947210e,mureka,cropped,1.9649,3.171025,2.2423,3.7951750000000004,1.8365,2.8821250000000003,1.8608,2.9368,1.9851,3.216475,1.9779,3.200275
mureka_e23e59ed-5337-456f-97c8-d05ef0fff384,mureka,full,3.8783,7.476175,3.9791,7.7029749999999995,4.0567,7.877575,3.6999,7.074775,3.6627,6.991075,3.8553,7.424425
mureka_e422a58f-7f2c-4033-b3f6-0ed348e54963,mureka,full,4.1054,7.987150000000001,4.0771,7.923475,3.9932,7.7347,3.8551,7.423975,3.8462,7.40395,3.9754,7.69465
mureka_e80dabe4-08ef-4613-882b-bef2ce915a73,mureka,full,4.4277,8.712325,4.4163,8.686675,4.4599,8.784775,4.1092,7.995700000000001,4.1271,8.035975,4.308,8.443
mureka_e8be8c51-e56f-4d3b-9923-58019bbe1cb6,mureka,full,2.3075,3.9418750000000005,2.5829,4.561525,2.2039,3.708775,2.2288,3.7648,2.3112,3.9501999999999997,2.3269,3.9855250000000004
mureka_e8e60a33-1fc0-496e-a391-bbd7c34b9f4a,mureka,cropped,2.6364,4.681900000000001,2.9392,5.3632,2.6718,4.761550000000001,2.6393,4.6884250000000005,2.6078,4.6175500000000005,2.6989,4.822525000000001
mureka_eae0e298-5403-41f7-a78b-22b93d849443,mureka,full,4.4765,8.822125,4.453,8.76925,4.4735,8.815375,4.1639,8.118775,4.1528,8.0938,4.3439,8.523774999999999
mureka_f25a67be-6876-4917-b9d2-12906971beaf,mureka,full,4.3913,8.630425,4.3511,8.539974999999998,4.3395,8.513875,4.0634,7.89265,4.0537,7.870825,4.2398,8.289549999999998
mureka_f648f785-f889-4e0c-86c4-de2d0d7746a7,mureka,full,2.579,4.5527500000000005,2.8322,5.12245,2.4612,4.287699999999999,2.534,4.451499999999999,2.5781,4.550725,2.5969,4.593025000000001
mureka_f6e269b4-9476-41b8-be71-38d33e17714e,mureka,full,2.1458,3.5780499999999997,2.4389,4.237525,2.046,3.3534999999999995,2.0717,3.4113249999999997,2.1756,3.6451000000000002,2.1756,3.6451000000000002
mureka_f9ef4e54-1fbd-4c90-9070-d5ba8cf7a80f,mureka,cropped,3.7387,7.162075000000001,3.9168,7.562799999999999,3.9347,7.603075,3.6514,6.96565,3.5811,6.807475,3.7645,7.2201249999999995
mureka_fbee04eb-9d21-4629-b33d-8325c91be468,mureka,cropped,1.9295,3.091375,2.2101,3.7227250000000005,1.8188,2.8423,1.8147,2.833075,1.9339,3.101275,1.9414,3.11815
mureka_fcfe979b-27d2-4bb9-be17-63b129d078d6,mureka,cropped,4.4442,8.749450000000001,4.4069,8.665525,4.413,8.67925,4.1176,8.014600000000002,4.1174,8.01415,4.2998,8.42455
mureka_fd4abec8-1438-419b-8a47-f0d754fca68f,mureka,full,2.3819,4.109275,2.6839,4.788774999999999,2.3758,4.095549999999999,2.3481,4.033225,2.379,4.10275,2.4337,4.225825
sonauto_056d7bf2-4d55-4f0b-88fa-80be765fb727,sonauto,cropped,3.7891,7.275475,3.9001,7.525225000000001,3.8574,7.42915,3.6118,6.87655,3.5671,6.775975,3.7451,7.176475
sonauto_09e4c296-4d80-4b05-b951-940c016ea490,sonauto,full,3.7908,7.2793,3.9056,7.5376,3.7933,7.284924999999999,3.5911,6.829975,3.564,6.769,3.729,7.14025
sonauto_0b350d05-ee3b-4985-9640-9431d49899dc,sonauto,cropped,4.3601,8.560224999999999,4.3133,8.454925,4.3952,8.639199999999999,4.0568,7.8778,4.0294,7.8161499999999995,4.231,8.26975
sonauto_0b42c2be-6c5b-4b43-8139-0281cdc7ca02,sonauto,full,1.9837,3.213325,2.2974,3.91915,1.9122,3.05245,1.9436,3.1231,2.0429,3.3465249999999997,2.036,3.331
sonauto_0c8da60d-46bb-4a7b-a4c7-fde859096d5d,sonauto,cropped,3.7717,7.236325,3.8952,7.5142,3.8739,7.4662749999999996,3.6109,6.874525,3.5618,6.764049999999999,3.7427,7.171075
sonauto_115dad4b-ed5e-482c-b8de-af059f20eee1,sonauto,full,2.7502,4.93795,3.0508,5.6143,2.9439,5.373775,2.7882,5.0234499999999995,2.7429,4.921525000000001,2.8552,5.1742
sonauto_134c4e98-3162-42cb-aa2c-3324c13cd4bd,sonauto,full,4.3011,8.427475,4.292,8.407,4.2806,8.38135,3.9671,7.675974999999999,3.9599,7.659775000000001,4.1601,8.110225
sonauto_1470c7a9-3bb4-46db-9fe7-715e7585ee9b,sonauto,full,3.4939,6.611275,3.6843,7.039675,3.6952,7.0642,3.4505,6.513624999999999,3.3793,6.3534250000000005,3.5406,6.71635
sonauto_14bc746e-e508-4c1b-840f-bfe475e28bda,sonauto,full,4.0744,7.9174,4.1079,7.992775,4.1464,8.0794,3.8077,7.317325,3.7828,7.2613,3.9838,7.71355
sonauto_1624df44-475b-44a6-8a43-d17d93b058a2,sonauto,full,2.6203,4.645675,2.9505,5.388624999999999,2.8424,5.1454,2.6981,4.820725,2.6097,4.621825,2.7442,4.92445
sonauto_1ac618a0-078d-4b5f-8fc1-4e5817a0cef9,sonauto,cropped,3.5081,6.643225,3.6901,7.052725000000001,3.6679,7.002775,3.435,6.47875,3.3506,6.28885,3.5303,6.693175
sonauto_1b34ba0f-d9e1-461d-9dd8-cd6d6b433966,sonauto,full,2.645,4.70125,2.9369,5.3580250000000005,2.8508,5.1643,2.7207,4.871575,2.6503,4.713175,2.7607,4.961575
sonauto_1c04fdd3-bd6b-4b97-87f6-e38a07831802,sonauto,full,3.244,6.049,3.4693,6.555925,3.4571,6.528475,3.2506,6.0638499999999995,3.1578,5.85505,3.3158,6.21055
sonauto_2017d07e-221b-4241-b6a6-6632081b152b,sonauto,cropped,2.4572,4.2787,2.7859,5.018274999999999,2.628,4.663,2.5098,4.39705,2.4619,4.289275,2.5686,4.52935
sonauto_215c24cb-3124-4ea7-b056-dd0db349c857,sonauto,full,4.2099,8.222275,4.2229,8.251525,4.2507,8.314075,3.8959,7.5157750000000005,3.897,7.518249999999999,4.0953,7.964425
sonauto_27b74f1d-8930-423d-a5c8-302ac55b8fdd,sonauto,cropped,3.9149,7.5585249999999995,3.9919,7.731775,3.961,7.662249999999999,3.7232,7.127199999999999,3.6868,7.045299999999999,3.8556,7.4251
sonauto_27fcbf36-f573-40f9-b9a4-02c33f7fdcc6,sonauto,full,3.4423,6.495175,3.637,6.93325,3.5203,6.670675,3.317,6.21325,3.288,6.148,3.4409,6.492025
sonauto_2927cf9e-4d34-4434-b13d-3667afec7d84,sonauto,full,4.2891,8.400475,4.2614,8.33815,4.381,8.60725,4.0185,7.791625000000001,3.9907,7.729075,4.1881,8.173225
sonauto_29ebe67a-6b80-4b7f-b611-a4e905817919,sonauto,full,4.5578,9.00505,4.5209,8.922025000000001,4.5912,9.0802,4.2453,8.301925,4.2407,8.291575000000002,4.4312,8.720199999999998
sonauto_2a00fc35-82bd-4716-b327-4f4b6367cbb5,sonauto,full,4.554,8.996500000000001,4.5112,8.900199999999998,4.5795,9.053875000000001,4.2706,8.35885,4.2583,8.331175,4.4347,8.728075
sonauto_2b9805ad-faa3-4e01-8338-234fa454619b,sonauto,full,2.8798,5.22955,3.1445,5.825125,2.8947,5.263075,2.8363,5.131675,2.8,5.05,2.9111,5.299975
sonauto_2bd89fb2-74f2-441d-8543-ba2d9ea52f5d,sonauto,full,3.08,5.68,3.3218,6.22405,3.3023,6.180174999999999,3.093,5.70925,3.0043,5.5096750000000005,3.1603,5.860675
sonauto_2d7482f3-cf56-4e7c-8adf-9fce8b3dc8af,sonauto,full,4.5478,8.98255,4.5146,8.90785,4.5814,9.058150000000001,4.2341,8.276724999999999,4.2291,8.265474999999999,4.4214,8.69815
sonauto_2f6ce595-163e-4e75-a8ae-ac3024f476c8,sonauto,full,1.6864,2.5443999999999996,1.9253,3.081925,1.5693,2.280925,1.535,2.20375,1.7267,2.6350749999999996,1.6885,2.5491249999999996
sonauto_3432adb8-b3f5-450f-a79e-a7ac8e5c5387,sonauto,full,4.0754,7.919650000000001,4.116,8.011,4.1422,8.069949999999999,3.8339,7.376275,3.8007,7.301575,3.9936,7.7356
sonauto_37834863-5026-4708-b15c-90c130acde98,sonauto,full,4.2579,8.330275,4.2541,8.321725,4.3184,8.4664,3.9373,7.608925,3.9334,7.600149999999999,4.1402,8.06545
sonauto_380b5300-36f7-47d0-995a-ad28134d7dcc,sonauto,full,2.8542,5.17195,3.1455,5.827375,2.9798,5.45455,2.8584,5.1814,2.8114,5.0756499999999996,2.9299,5.342275
sonauto_382f815b-7771-4591-811b-fb1f70a9f726,sonauto,cropped,2.5612,4.5127,2.8707,5.2090749999999995,2.6455,4.702375,2.5535,4.495375,2.5418,4.469049999999999,2.6345,4.677625
sonauto_3bb2f0fe-734f-48c2-8417-8e77db08d5d5,sonauto,full,4.4059,8.663274999999999,4.3831,8.611975,4.4464,8.7544,4.0846,7.9403500000000005,4.086,7.9435,4.2812,8.3827
sonauto_3cbc67fc-f9ac-4acf-b7a6-25888292b0c3,sonauto,full,2.2723,3.862675,2.5842,4.56445,2.224,3.7540000000000004,2.276,3.8709999999999996,2.2996,3.9240999999999997,2.3312,3.9951999999999996
sonauto_3d0ed3cc-0d41-4577-b131-59dffa9b3de8,sonauto,cropped,2.4494,4.26115,2.7766,4.997350000000001,2.6279,4.662775,2.5062,4.38895,2.4398,4.2395499999999995,2.56,4.51
sonauto_3d178ce8-aec1-4462-a004-0dcce8efc669,sonauto,full,1.9411,3.117475,2.2204,3.7459000000000002,1.8228,2.8513,1.8225,2.850625,1.9494,3.13615,1.9512,3.1402
sonauto_407e337b-9ec8-42c1-9e1c-f0781f47a24b,sonauto,full,1.5568,2.2527999999999997,1.7358,2.65555,1.4932,2.1097,1.4109,1.924525,1.5191,2.1679749999999998,1.5432,2.2222
sonauto_4543de1b-e942-4664-ad23-b3914c0c0890,sonauto,full,4.1684,8.1289,4.1868,8.1703,4.1837,8.163325,3.8628,7.4413,3.8698,7.457050000000001,4.0543,7.872174999999999
sonauto_45e3f1d3-7283-4e76-ac18-9c2e494582c4,sonauto,full,3.1335,5.800375000000001,3.387,6.37075,3.3537,6.295825,3.1781,5.900725,3.0973,5.7189250000000005,3.2299,6.017275000000001
sonauto_48fcf099-68bc-45cd-81f4-ea6eabf98ac0,sonauto,full,3.5159,6.660774999999999,3.7157,7.110325,3.6217,6.898825,3.4025,6.405625,3.3801,6.355225,3.5272,6.6862
sonauto_4b48d89d-c256-4506-97ce-70f037db4177,sonauto,cropped,3.0699,5.657275,3.3073,6.191425000000001,3.1321,5.797225,3.0086,5.51935,2.9641,5.419225000000001,3.0964,5.7169
sonauto_4cfa339a-4243-425e-8a31-2db0a93c9a95,sonauto,cropped,2.2893,3.900925,2.5632,4.517200000000001,2.1955,3.689875,2.2167,3.7375749999999996,2.3054,3.9371500000000004,2.314,3.9565
sonauto_4d20e479-b1e1-44b5-b4e8-8df50d24f824,sonauto,full,4.4212,8.6977,4.3915,8.630875,4.4565,8.777125,4.1112,8.0002,4.1251,8.031475,4.3011,8.427475
sonauto_4de04b55-b004-40b0-b05c-df6c07ee0814,sonauto,full,2.7314,4.89565,3.0257,5.557825,2.824,5.103999999999999,2.7555,4.9498750000000005,2.7071,4.840975,2.8087,5.069575
sonauto_50c28f25-d83e-4bdb-b3ac-15571f947338,sonauto,full,3.0579,5.630275,3.307,6.1907499999999995,3.1976,5.9446,3.0003,5.500675,2.9842,5.46445,3.1094,5.74615
sonauto_51579dcb-caf6-49e4-bfbd-d5f4c82759a8,sonauto,full,4.2239,8.253775000000001,4.234,8.2765,4.2062,8.21395,3.9294,7.59115,3.9165,7.562125,4.102,7.979500000000001
sonauto_515f503d-142a-49aa-84b4-22ef528dfbad,sonauto,full,4.0762,7.92145,4.1094,7.99615,4.0831,7.936975,3.8267,7.360075,3.7836,7.2631,3.9758,7.69555
sonauto_5478a20a-5e10-4d16-b9cd-ad439de63286,sonauto,full,4.4725,8.813125,4.4259,8.708275,4.494,8.8615,4.1613,8.112925,4.1642,8.11945,4.3436,8.523100000000001
sonauto_59d3a8a8-b3f0-4a95-ac63-ee8898bcefcb,sonauto,full,2.5196,4.4191,2.8298,5.11705,2.6618,4.73905,2.5691,4.530475000000001,2.5189,4.4175249999999995,2.6198,4.644550000000001
sonauto_5b91be18-182e-4f46-87ac-ef4fac308e58,sonauto,full,4.5199,8.919775,4.4911,8.854975,4.5053,8.886925,4.2062,8.21395,4.197,8.193249999999999,4.3839,8.613775
sonauto_5c8af0ed-fcf2-4561-9167-5961fa88980e,sonauto,full,2.4884,4.3489,2.8202,5.09545,2.6642,4.7444500000000005,2.5597,4.509325,2.4862,4.34395,2.6037,4.608325
sonauto_627c3f01-8cd5-40eb-8421-a8215fdccb40,sonauto,full,3.1811,5.907475,3.419,6.44275,3.3476,6.2821,3.1369,5.808025,3.0684,5.6539,3.2306,6.01885
sonauto_651dd80b-cbcc-4165-b50d-7d0cd1e414d9,sonauto,full,4.1463,8.079175,4.1754,8.144649999999999,4.1793,8.153424999999999,3.8616,7.4386,3.8528,7.418799999999999,4.0431,7.846975
sonauto_682e3c45-ea23-42f1-8763-f2a6417f3362,sonauto,full,4.4006,8.65135,4.3627,8.566075000000001,4.4017,8.653825,4.0703,7.908174999999999,4.0583,7.881175,4.2587,8.332075
sonauto_69db8efa-820f-4d70-9de3-083e6d976e17,sonauto,full,2.6435,4.697875,2.9444,5.3749,2.8516,5.1661,2.7231,4.876975,2.6196,4.6441,2.7564,4.9519
sonauto_6ac94616-c49d-4990-a225-349767218f53,sonauto,full,2.3553,4.049425,2.6914,4.80565,2.4716,4.3111,2.3964,4.1419,2.3515,4.040875,2.4532,4.269699999999999
sonauto_6b2e00f7-cd9b-4ed4-bfb4-04d89cf1fe7f,sonauto,full,4.2497,8.311824999999999,4.2643,8.344675,4.2672,8.351199999999999,3.9104,7.5484,3.9273,7.586424999999999,4.1238,8.02855
sonauto_6cc00238-e6b3-42ab-af0c-5c7b4184fe23,sonauto,cropped,1.478,2.0755,1.5628,2.2663,1.3996,1.8990999999999998,1.3443,1.7746750000000002,1.447,2.00575,1.4463,2.004175
sonauto_6e018c4b-97c1-484d-9acd-4f3acdd5a8a1,sonauto,full,3.4321,6.472225,3.6699,7.007275,3.5967,6.842574999999999,3.3807,6.356575,3.3001,6.175225,3.4759,6.570775
sonauto_71281fa5-8db8-450c-a4a7-b35209f3992e,sonauto,full,2.4229,4.201525,2.7382,4.91095,2.5566,4.50235,2.435,4.22875,2.4047,4.160575,2.5115,4.400874999999999
sonauto_723957e4-b220-4c55-a833-a4842aa00f62,sonauto,full,2.7186,4.8668499999999995,3.0226,5.5508500000000005,2.8876,5.2471,2.7404,4.915900000000001,2.7003,4.825675,2.8139,5.081275
sonauto_740c7d51-7e69-48bb-b35b-48a3101407e1,sonauto,full,4.5136,8.9056,4.4784,8.8264,4.5947,9.088075,4.2445,8.300125000000001,4.2305,8.268625,4.4123,8.677675
sonauto_74be7dc6-eaad-4522-b8b4-14ca1512b1b6,sonauto,full,2.1289,3.5400249999999995,2.4078,4.16755,2.0135,3.2803750000000003,2.0723,3.4126749999999997,2.1735,3.6403750000000006,2.1592,3.6081999999999996
sonauto_78c2ded1-4a9b-4d67-80f3-de80fd568140,sonauto,full,2.2764,3.8719000000000006,2.6086,4.61935,2.3777,4.099825,2.3104,3.9484,2.2764,3.8719000000000006,2.3699,4.082274999999999
sonauto_7c82ffd9-f571-42f1-a394-04b961a198bd,sonauto,cropped,4.328,8.488,4.2965,8.417125,4.3818,8.60905,4.0156,7.7851,4.0076,7.7671,4.2059,8.213275
sonauto_7ce13423-29b4-4376-8981-98dd231ad456,sonauto,full,2.2716,3.8610999999999995,2.6001,4.600225,2.3873,4.121425,2.2936,3.9106,2.2651,3.846475,2.3635,4.067875000000001
sonauto_7d839a28-379c-4784-8e86-254df13478c2,sonauto,full,2.2607,3.836575,2.5637,4.518325,2.1879,3.6727749999999997,2.2113,3.725425,2.2858,3.89305,2.3019,3.9292749999999996
sonauto_7ed3cafa-5c36-41c5-90d5-9034d4f6be33,sonauto,full,3.7578,7.20505,3.8983,7.5211749999999995,3.8925,7.508125,3.6252,6.9067,3.5519,6.741775,3.7451,7.176475
sonauto_829f7fbd-0066-4900-a484-681037bfc92c,sonauto,full,2.596,4.591,2.9206,5.32135,2.7926,5.03335,2.6668,4.750299999999999,2.5797,4.5543249999999995,2.7111,4.849975000000001
sonauto_82bb5c66-99c6-4f5c-9026-c879e4e53d71,sonauto,full,3.8429,7.3965250000000005,3.9534,7.645149999999999,3.9788,7.7023,3.6799,7.029775,3.6249,6.906025,3.816,7.335999999999999
sonauto_82ff4632-7349-406d-9bf3-1d3b1e0fa113,sonauto,cropped,3.4628,6.541300000000001,3.6378,6.9350499999999995,3.6621,6.989725,3.3974,6.394150000000001,3.32,6.22,3.496,6.616
sonauto_84133bca-1f84-4acc-ab64-a72b9d16ab5a,sonauto,cropped,3.6958,7.06555,3.8505,7.413625,3.8125,7.328125,3.5423,6.720175,3.4986,6.62185,3.6799,7.029775
sonauto_8517da19-db16-4d23-9801-4d2063a35604,sonauto,full,2.8641,5.194225,3.1372,5.8087,3.0574,5.62915,2.8833,5.237425,2.8164,5.0869,2.9517,5.391325
sonauto_87d15498-1c99-4e44-a608-f98e8e6d0d4e,sonauto,full,2.5407,4.466575000000001,2.8784,5.2264,2.7432,4.9222,2.6145,4.632625,2.5385,4.461625,2.6631,4.741975
sonauto_8c6d4dfc-b0ad-40e8-9b8a-8fc8b5812c4e,sonauto,full,2.6336,4.675599999999999,2.9666,5.42485,2.8125,5.078125,2.6787,4.777075,2.6159,4.635775,2.7415,4.918374999999999
sonauto_8c9f764e-64cc-4785-85fd-cdabe17894ff,sonauto,full,3.8434,7.39765,3.9693,7.680925,4.0078,7.767549999999999,3.6988,7.072299999999999,3.6744,7.017399999999999,3.8387,7.387074999999999
sonauto_8e2ea1bd-bc8b-4e42-9bcf-5d1e5499ffd5,sonauto,full,2.3168,3.9628000000000005,2.6496,4.7116,2.4513,4.265425,2.3398,4.01455,2.3124,3.9528999999999996,2.414,4.1815
sonauto_9df3032f-d9ce-4795-bdeb-ede2fcff5d9a,sonauto,cropped,3.8626,7.44085,3.9638,7.66855,3.9777,7.699825,3.6955,7.064875,3.6349,6.9285250000000005,3.8269,7.360525000000001
sonauto_a2d1a203-2e7c-4fdc-af10-cc2ff08b46cc,sonauto,cropped,3.1984,5.9464,3.4714,6.56065,3.401,6.4022499999999996,3.1964,5.9419,3.1208,5.7718,3.2776,6.1246
sonauto_a371b42b-efbd-42ac-a0bf-fcfe4a29f1a8,sonauto,full,4.6603,9.235675,4.6124,9.1279,4.6706,9.25885,4.3824,8.610399999999998,4.3648,8.570799999999998,4.5381,8.960725
sonauto_a4442166-d41c-42c7-ad0a-28ce7ea2d42e,sonauto,full,2.0144,3.2824000000000004,2.2897,3.9018249999999997,1.9112,3.0502000000000002,1.9463,3.129175,2.0457,3.352825,2.0415,3.343375
sonauto_a464f1ca-a8e3-434f-bd0b-0cb86c175dd0,sonauto,full,3.5338,6.7010499999999995,3.7147,7.108075,3.7058,7.08805,3.4602,6.53545,3.3814,6.35815,3.5592,6.7582
sonauto_a63ac5c0-2898-453e-a7fe-a0a118c75441,sonauto,full,4.3724,8.5879,4.3411,8.517475000000001,4.3424,8.520399999999999,4.0369,7.833025,4.0309,7.819525,4.2247,8.255575
sonauto_af7f34b8-aa88-4cbe-ac52-9d13882e03ac,sonauto,cropped,3.6663,6.999175,3.8193,7.343425,3.8369,7.383025,3.5555,6.749874999999999,3.5232,6.6772,3.6802,7.03045
sonauto_b0a386de-802a-4082-9e0b-a20ad939e278,sonauto,full,2.3133,3.954925,2.6433,4.697425,2.3065,3.9396250000000004,2.3188,3.9673,2.3379,4.010275,2.384,4.114
sonauto_b5feb841-a17d-4630-a4ab-6b7930deab0a,sonauto,full,4.2467,8.305074999999999,4.2381,8.285725,4.2991,8.422975000000001,3.9502,7.63795,3.9282,7.58845,4.1325,8.048125
sonauto_b6f219e6-e290-4e72-aa96-e330e833c85c,sonauto,full,2.1239,3.5287749999999996,2.4034,4.15765,2.0616,3.3886,2.0732,3.4147,2.144,3.5740000000000003,2.1612,3.6127000000000002
sonauto_b7b97635-4be7-4eb1-b35f-36fe674a180d,sonauto,full,4.0774,7.92415,4.1089,7.995025,4.1434,8.07265,3.8162,7.336449999999999,3.7929,7.284025,3.9878,7.72255
sonauto_bbf04618-f9ee-4ace-88c0-bee03c36a2f2,sonauto,full,3.8584,7.4314,3.9657,7.672825,3.9012,7.527699999999999,3.6518,6.966550000000001,3.6312,6.9202,3.8017,7.303825
sonauto_bd0d0326-138a-415d-b564-37322e3132c6,sonauto,cropped,2.4485,4.259125,2.7704,4.9834,2.5878,4.57255,2.4597,4.284325000000001,2.4294,4.216149999999999,2.5392,4.4632000000000005
sonauto_c211e32c-a1b4-4017-acdf-32a32fb62ae4,sonauto,full,3.8838,7.48855,3.9958,7.74055,3.9851,7.716475,3.7193,7.118425,3.6545,6.972625,3.8477,7.407325
sonauto_c5c93d94-8709-4153-a8cb-ed8fdec8f55b,sonauto,cropped,2.5742,4.54195,2.9082,5.29345,2.7932,5.0347,2.6631,4.741975,2.5734,4.54015,2.7024,4.8304
sonauto_c85c22f1-c044-44d3-a16d-a1af1b52e905,sonauto,full,4.5385,8.961625,4.4945,8.862625000000001,4.5685,9.029125,4.2489,8.310025,4.243,8.296750000000001,4.4187,8.692075
sonauto_c9b2250a-b431-470d-9cb4-bec5eb0f9e2d,sonauto,full,3.0404,5.5908999999999995,3.2797,6.129325,3.095,5.71375,3.0391,5.587975,3.0104,5.5234000000000005,3.0929,5.7090250000000005
sonauto_cb96b176-6fdf-4edd-8261-f72a678520a3,sonauto,full,4.41,8.6725,4.3629,8.566524999999999,4.4381,8.735725,4.1094,7.99615,4.0896,7.9516,4.282,8.3845
sonauto_cc27a6b9-dc71-4d56-9b8f-983a18ac06bc,sonauto,full,3.1785,5.901625,3.4175,6.439375,3.3543,6.297174999999999,3.2006,5.951350000000001,3.1096,5.7466,3.2521,6.067225
sonauto_ce199ea6-a2b8-4ff0-9d4f-9aa43eed644d,sonauto,full,3.8533,7.419925,3.9722,7.68745,3.9079,7.542775000000001,3.649,6.96025,3.6061,6.8637250000000005,3.7977,7.2948249999999994
sonauto_ce59f7ba-67e2-4592-a6f9-c5f9d5ac4d7e,sonauto,full,4.2772,8.3737,4.2672,8.351199999999999,4.3054,8.437149999999999,3.9849,7.716025,3.9494,7.63615,4.1568,8.102799999999998
sonauto_ce741575-07bb-41ee-97b5-e0ae0a22af7f,sonauto,full,4.0358,7.830550000000001,4.1027,7.981074999999999,4.1907,8.179075,3.8369,7.383025,3.7935,7.285375,3.9919,7.731775
sonauto_ceff306a-55e2-42ee-9068-b0d2ce1d8ccc,sonauto,full,1.8595,2.9338749999999996,2.1339,3.5512750000000004,1.7415,2.668375,1.7377,2.659825,1.8725,2.9631250000000002,1.869,2.95525
sonauto_cf04c05e-dc8f-47d1-a5cf-11f425f39f3f,sonauto,full,2.9619,5.414275,3.2875,6.1468750000000005,3.2651,6.096475,3.0696,5.6566,2.95,5.3875,3.1068,5.7402999999999995
sonauto_d3ca2b09-1ff7-458f-b9a4-dd1c4375683f,sonauto,full,4.2457,8.302825,4.2285,8.264125,4.3545,8.547625,3.9725,7.688125,3.9643,7.669675000000001,4.1531,8.094475000000001
sonauto_d6339f0b-283b-45c6-bee5-15ecc55cc045,sonauto,full,2.0837,3.438325,2.421,4.1972499999999995,2.1447,3.5755749999999997,2.062,3.3894999999999995,2.0726,3.41335,2.1568,3.6028000000000002
sonauto_d72669c6-def2-4abc-8b5f-ef9397448975,sonauto,full,2.8295,5.116375,3.1109,5.749525,2.9085,5.294125,2.8263,5.109175,2.7806,5.00635,2.8912,5.2552
sonauto_d91842cb-da59-4302-a4b5-829039451ae7,sonauto,full,2.3121,3.9522250000000003,2.5827,4.561075,2.2163,3.736675,2.2381,3.7857250000000002,2.3088,3.9448000000000003,2.3316,3.9960999999999998
sonauto_d926d923-f2de-4f52-9271-f41735c92dd9,sonauto,full,2.7092,4.8457,3.0256,5.5576,2.9125,5.3031250000000005,2.7723,4.987674999999999,2.7126,4.853350000000001,2.8264,5.1094
sonauto_d9979f8c-f512-4406-ac3a-78e79622d71d,sonauto,full,3.8946,7.51285,3.9946,7.73785,3.9427,7.621074999999999,3.6803,7.030675,3.6443,6.949675,3.8313,7.370425
sonauto_dcef8efb-aa49-4001-a1ca-09bb051acdeb,sonauto,full,3.8636,7.443099999999999,3.9687,7.679575,3.9341,7.601725,3.6526,6.96835,3.631,6.91975,3.81,7.3225
sonauto_de475fe7-059a-4544-8a63-8fe7250eae73,sonauto,full,1.9133,3.054925,2.1999,3.699775,1.8122,2.82745,1.8178,2.84005,1.9542,3.14695,1.9395,3.113875
sonauto_e167ec83-38e7-4838-aad2-a8347e6c9c5d,sonauto,full,3.3373,6.258925,3.5426,6.72085,3.55,6.7375,3.3002,6.17545,3.2156,5.985099999999999,3.3891,6.375475
sonauto_e3fda1d2-54f7-4c68-8b57-3a71f1f9473a,sonauto,cropped,4.4502,8.76295,4.4096,8.671600000000002,4.4357,8.730325,4.1312,8.0452,4.1254,8.03215,4.3104,8.4484
sonauto_e708fa92-dc8f-4789-9f1b-bdf1062ad2d1,sonauto,full,2.1454,3.57715,2.4691,4.305475,2.203,3.7067499999999995,2.1269,3.535525,2.1247,3.530575,2.2138,3.7310499999999998
sonauto_ee74a7ae-7419-4434-8947-e12f3abece2b,sonauto,full,2.924,5.329,3.1861,5.918725,3.1184,5.7664,2.9366,5.357349999999999,2.8808,5.2318,3.0092,5.5207
sonauto_f06cc0b5-2dc0-4772-a708-3eba1ff0a4f5,sonauto,full,2.4386,4.2368500000000004,2.7825,5.010625,2.5838,4.56355,2.501,4.37725,2.44,4.24,2.5492,4.4857
sonauto_f107894d-dd3e-4896-a1d7-2cff1e10ecee,sonauto,full,3.9321,7.597225,4.0182,7.7909500000000005,3.963,7.66675,3.7191,7.117975,3.672,7.0120000000000005,3.8609,7.437025
sonauto_f29e853f-3e2f-44e8-9c32-bc2c5e2cceeb,sonauto,full,3.7002,7.07545,3.8735,7.465375,3.7765,7.247125,3.5182,6.6659500000000005,3.5032,6.6322,3.6743,7.017175
sonauto_f34c09cf-8646-41c7-95a7-39664f9b8c51,sonauto,full,1.7407,2.666575,2.0675,3.4018749999999995,1.7268,2.6353,1.6339,2.4262749999999995,1.7249,2.631025,1.7788,2.7523
sonauto_f3676465-7d32-4e44-8a71-c9e29835cebd,sonauto,full,3.9712,7.6852,4.0448,7.850800000000001,4.0472,7.8562,3.7491,7.185474999999999,3.7032,7.082199999999999,3.9031,7.531974999999999
sonauto_f5b31fde-9947-4828-88bf-05e058820744,sonauto,full,3.9569,7.653025,4.0205,7.796125,4.0733,7.914924999999999,3.787,7.27075,3.7168,7.1128,3.9109,7.549524999999999
sonauto_f68607c9-827e-4614-a540-6ff224c54eba,sonauto,cropped,3.1354,5.8046500000000005,3.3791,6.352975000000001,3.2031,5.956975,3.071,5.659750000000001,3.0577,5.629825,3.1693,5.8809249999999995
sonauto_f858fbb8-0beb-495e-98e2-3593e24227d7,sonauto,full,4.4665,8.799624999999999,4.4372,8.733699999999999,4.5399,8.964775,4.1732,8.1397,4.1569,8.103025,4.3547,8.548075
sonauto_f873d7d4-46d2-4c30-acab-edbafafb7ec2,sonauto,full,3.1895,5.926374999999999,3.4347,6.478075,3.4278,6.46255,3.2325,6.023125,3.1344,5.8024,3.2838,6.1385499999999995
sonauto_f918360c-6fda-462c-afdc-8b943f01817f,sonauto,full,2.4446,4.250349999999999,2.7768,4.9978,2.5044,4.3849,2.4767,4.3225750000000005,2.4561,4.276225,2.5317,4.446325
sonauto_fc0955da-48db-4e14-ab82-f78c82ee70b0,sonauto,full,2.9927,5.483575,3.2361,6.031225,2.9986,5.49685,2.9244,5.329899999999999,2.8991,5.272975,3.0102,5.522950000000001
sonauto_fc2bc575-ca9b-45ec-9bc8-59798eae47fb,sonauto,full,3.7466,7.17985,3.9016,7.528600000000001,3.9277,7.587325000000001,3.6237,6.903325,3.5591,6.757975,3.7517,7.191325
sonauto_ff552783-86ef-428f-b8b6-383f2395b78b,sonauto,full,3.7114,7.10065,3.8532,7.419700000000001,3.925,7.58125,3.6462,6.95395,3.5696,6.7816,3.7411,7.167475
suno_00e212c1-87ad-4508-a27c-8065a166f04d,suno,full,4.415,8.68375,4.3771,8.598475,4.3534,8.54515,4.0931,7.959474999999999,4.0716,7.9111,4.262,8.3395
suno_02677d21-bd40-4ddb-98ec-910dbb06bd5d,suno,full,2.3054,3.9371500000000004,2.6315,4.670875,2.3863,4.119175,2.276,3.8709999999999996,2.2776,3.8746,2.3754,4.09465
suno_03276154-8999-4791-a938-6437b9190000,suno,full,3.668,7.003,3.7917,7.281325,3.7606,7.21135,3.5794,6.80365,3.5439,6.723775,3.6687,7.004575
suno_03b8bc93-111e-47a5-b28f-1b9d46bd388a,suno,cropped,2.9034,5.28265,3.1988,5.947299999999999,3.0061,5.513725,2.915,5.30875,2.8783,5.226175,2.9803,5.455675
suno_0532c2a3-9316-4d66-82fc-eef983e2ecae,suno,full,4.083,7.93675,4.1069,7.990525000000001,4.2237,8.253325,3.8713,7.460425000000001,3.8367,7.382575,4.0243,7.8046750000000005
suno_06a126f5-b9f1-4e2d-a6e9-954144cc12a7,suno,full,2.5214,4.42315,2.8301,5.117725,2.693,4.8092500000000005,2.5894,4.57615,2.5137,4.405825,2.6295,4.666375
suno_08a2a0f0-863c-4f05-8094-794c52df942c,suno,full,3.6613,6.987925000000001,3.8121,7.327225,3.845,7.40125,3.6052,6.8617,3.5276,6.6871,3.6902,7.05295
suno_09267201-4a96-431d-9260-0c6ee891339d,suno,full,3.0144,5.532400000000001,3.2862,6.14395,3.1435,5.822875,3.0185,5.541625,2.9834,5.46265,3.0892,5.700699999999999
suno_096b791e-61d1-48db-95c0-dce63b4b74c7,suno,full,2.6138,4.63105,2.9341,5.351725,2.6681,4.753225,2.6588,4.7322999999999995,2.6266,4.65985,2.7003,4.825675
suno_09ce2fdb-5252-41e7-b7d2-f489a7fa1089,suno,cropped,2.2173,3.7389249999999996,2.5336,4.4506,2.1823,3.660175,2.2077,3.7173249999999998,2.2438,3.7985499999999996,2.2769,3.8730249999999997
suno_0ddb04e3-dbf2-402f-9044-ddb0db98cc67,suno,full,3.2559,6.075775,3.4653,6.546925,3.4452,6.5017,3.2161,5.986225,3.1503,5.838175000000001,3.3066,6.18985
suno_10689fdc-12af-49ba-a581-692e50e7ff17,suno,cropped,2.3851,4.116474999999999,2.7132,4.8547,2.5372,4.4587,2.4454,4.252149999999999,2.391,4.12975,2.4944,4.362400000000001
suno_1120719b-a905-4e13-80ba-93e13a196df9,suno,full,4.3441,8.524225000000001,4.2999,8.424775,4.4134,8.680150000000001,4.0601,7.885225,4.037,7.83325,4.2309,8.269525
suno_13ac0aa5-07ab-40a5-b610-21ddb1524d83,suno,full,4.5735,9.040375000000001,4.5381,8.960725,4.6084,9.1189,4.2879,8.397775,4.272,8.362,4.456,8.776
suno_148551e8-fcf0-4736-8c21-7f956665c065,suno,full,4.4638,8.79355,4.4507,8.764075000000002,4.498,8.8705,4.1431,8.071974999999998,4.1721,8.137225,4.3455,8.527375000000001
suno_1783c864-18fb-440f-bc51-15701a19e4b5,suno,full,2.2748,3.8682999999999996,2.5972,4.5937,2.3761,4.0962250000000004,2.2796,3.8790999999999998,2.2533,3.8199249999999996,2.3562,4.051449999999999
suno_1786c0bd-d8e5-4713-801d-706f5e1ef153,suno,full,4.462,8.7895,4.4114,8.675650000000001,4.5041,8.884225,4.1578,8.10505,4.1488,8.0848,4.3368,8.5078
suno_1a042042-b5d5-43e3-8b50-965d1ec0e303,suno,full,3.7335,7.1503749999999995,3.855,7.42375,3.7637,7.218325,3.53,6.6925,3.5151,6.658975,3.6795,7.028875
suno_1b30d18b-9bc6-4d28-86f2-8eb2ae9d4534,suno,full,4.4045,8.660124999999999,4.3674,8.57665,4.4102,8.67295,4.0995,7.973875,4.0981,7.970724999999999,4.2759,8.370775
suno_21fe854c-2c26-4a94-96f5-a26daf4301bf,suno,full,4.5798,9.054549999999999,4.5362,8.95645,4.5762,9.04645,4.3021,8.429725000000001,4.2917,8.406324999999999,4.4572,8.7787
suno_2205950f-3e78-4253-8e57-864117f1d6f0,suno,full,2.9918,5.48155,3.2733,6.1149249999999995,3.1862,5.91895,3.0472,5.6062,2.9933,5.4849250000000005,3.0984,5.721399999999999
suno_23bc6b66-a154-4694-865b-feb00796bcfd,suno,full,3.0665,5.649625,3.3846,6.365349999999999,3.3823,6.360175,3.1752,5.8942,3.0499,5.612275,3.2117,5.976325
suno_25188f55-b8a5-4815-95f9-76732c8d207d,suno,cropped,3.1343,5.802175,3.4049,6.411025,3.3825,6.360625,3.1857,5.917825000000001,3.1043,5.734674999999999,3.2423,6.045175
suno_2655b474-ea9c-4f25-a99b-2659b1b18a25,suno,full,3.3008,6.1768,3.5217,6.673825,3.4605,6.536125,3.2531,6.069475,3.1797,5.904325,3.3432,6.2722
suno_29d8aab5-8893-4ba3-bcfb-2c3b4c0dc389,suno,cropped,2.1759,3.645775,2.4767,4.3225750000000005,2.1123,3.5026749999999995,2.13,3.5424999999999995,2.2025,3.7056250000000004,2.2195,3.743875
suno_2e44d2d8-acae-41c3-9a9e-f469478186b8,suno,full,4.0668,7.9003,4.0937,7.960825,4.0638,7.893549999999999,3.8192,7.3431999999999995,3.7998,7.29955,3.9687,7.679575
suno_334f061e-ffe3-4aad-a2ce-09ff1ac217eb,suno,full,3.6677,7.002325,3.8207,7.346575,3.8521,7.417225,3.5507,6.739075,3.4849,6.591025,3.6752,7.0192
suno_3a85c7e8-e001-4319-ac0c-93b95c69bc88,suno,full,3.8518,7.41655,3.8863,7.494174999999999,3.8205,7.346125,3.6931,7.059475,3.6818,7.03405,3.7867,7.270075
suno_3c246145-5ed8-4f0d-995b-711e554229d7,suno,full,3.2347,6.028075,3.468,6.553,3.4497,6.511825,3.258,6.0805,3.1781,5.900725,3.3177,6.214824999999999
suno_3df981a9-e176-4927-9695-3c04c5c41b95,suno,full,2.9397,5.364325000000001,3.2071,5.965975,3.0224,5.550400000000001,2.9222,5.32495,2.8866,5.2448500000000005,2.9956,5.4901
suno_401be958-76c4-454f-a048-68579bc38c5f,suno,full,2.8581,5.180725,3.1408,5.8168,2.9365,5.357125,2.8293,5.115925,2.8019,5.054275,2.9133,5.304925
suno_4391593d-0e1d-4698-8835-2b00188e6a69,suno,cropped,2.7548,4.9483,3.0679,5.652775,2.9875,5.471875,2.8312,5.1202,2.7331,4.899475,2.8749,5.218525
suno_43a5a24c-e26e-4843-b7ae-6ad7b695a610,suno,full,4.3493,8.535925,4.3234,8.47765,4.3947,8.638075,4.0393,7.838425,4.0416,7.8435999999999995,4.2297,8.266825
suno_468d9eb4-a4f5-4777-950a-7f30e55b9154,suno,full,2.9161,5.311225,3.1894,5.92615,3.032,5.572,2.9072,5.2912,2.8766,5.22235,2.9843,5.464675000000001
suno_4a0c77ef-00f4-4637-bc2c-36a1c4ecc97b,suno,full,3.0314,5.5706500000000005,3.3396,6.2641,3.3414,6.26815,3.1438,5.82355,3.03,5.5675,3.1772,5.8987
suno_5029d7e1-5cdf-4868-965c-fd2318815867,suno,full,4.6075,9.116875,4.5366,8.95735,4.5779,9.050275,4.3867,8.620075,4.3513,8.540425,4.492,8.857
suno_524dd0c0-c4e3-4c94-9968-aaa7c93c6fbc,suno,full,2.6812,4.7827,2.9827,5.461075,2.7793,5.003425,2.6861,4.793725,2.6607,4.736575,2.758,4.9555
suno_5341eaf9-1c75-4f10-9181-f8d80ffb5aca,suno,full,4.3348,8.503300000000001,4.2923,8.407675000000001,4.4164,8.686900000000001,4.0548,7.8733,4.04,7.84,4.2277,8.262324999999999
suno_545e9df0-5543-41c8-8209-6a86a97518cf,suno,full,4.0004,7.7509,4.0838,7.93855,4.0423,7.845175,3.7566,7.20235,3.7252,7.1317,3.9217,7.573825
suno_5acff6d2-ec21-4a67-ae15-37ce8192c27f,suno,full,4.0128,7.7788,4.1033,7.982425,4.1463,8.079175,3.8289,7.365025,3.7742,7.24195,3.9731,7.689475
suno_6004fce0-0115-4fa7-b0c5-6ba50117d053,suno,full,2.0562,3.37645,2.4008,4.1518,2.1153,3.509425,2.044,3.349,2.0544,3.3723999999999994,2.1341,3.5517250000000002
suno_61af6c62-22c8-4acc-9ff5-5d50d675cad6,suno,full,2.1192,3.5182,2.4465,4.254625,2.1934,3.68515,2.1236,3.5281000000000002,2.1095,3.4963750000000005,2.1984,3.6963999999999997
suno_63ea6eda-f68d-49e8-9170-d1e943b55752,suno,full,2.3933,4.134925,2.6975,4.819374999999999,2.3534,4.0451500000000005,2.3792,4.1032,2.4115,4.1758750000000004,2.447,4.25575
suno_662546f8-9623-4623-be8f-10b287985ec4,suno,full,3.9506,7.638850000000001,3.9267,7.585075,3.8462,7.40395,3.7679,7.227775,3.7626,7.21585,3.8508,7.4143
suno_6870ffad-e286-4dd5-9548-d7db37043105,suno,full,4.5708,9.0343,4.5267,8.935075,4.6015,9.103375,4.2997,8.424325,4.2823,8.385175,4.4562,8.77645
suno_687d7b5b-9f6e-41d5-8b22-fe8cb3ed0f56,suno,full,4.5637,9.018324999999999,4.5026,8.88085,4.5549,8.998525,4.3622,8.56495,4.338,8.5105,4.4643,8.794675
suno_68c45d52-e2c9-43c6-896e-58ac2d8beae5,suno,full,2.4912,4.3552,2.8131,5.0794749999999995,2.5391,4.462975,2.5162,4.41145,2.5044,4.3849,2.5728,4.5388
suno_6b46ad43-da7d-4f65-8cfb-8352458f4e45,suno,full,3.0124,5.5279,3.2965,6.167125,3.2101,5.9727250000000005,3.0818,5.68405,2.9726,5.43835,3.1147,5.758075
suno_6d06e057-15a4-4897-81eb-b160cb1ab063,suno,full,3.1029,5.7315249999999995,3.3613,6.312925,3.2416,6.0436,3.0531,5.619475,3.0084,5.5189,3.1535,5.845375000000001
suno_6d31c679-06cf-498d-b34b-0d2f57b305da,suno,cropped,4.3004,8.425899999999999,4.2649,8.346025000000001,4.3761,8.596225,4.0261,7.808724999999999,4.0062,7.7639499999999995,4.1947,8.188075000000001
suno_6da3d88e-8eb4-4d63-a8a4-7dd51ddaa8b7,suno,full,2.4148,4.1833,2.7364,4.9069,2.5208,4.421799999999999,2.429,4.215249999999999,2.4113,4.175425000000001,2.5025,4.380625
suno_70dec259-aa01-4880-8fae-76bbd4c8df8c,suno,cropped,4.5667,9.025075,4.5491,8.985475000000001,4.6385,9.186625,4.2982,8.42095,4.2975,8.419375,4.47,8.8075
suno_721b7d16-3f33-41fe-8eee-dfc4a41cade5,suno,full,3.5655,6.772375,3.7575,7.204375,3.7968,7.292800000000001,3.5381,6.710725,3.4574,6.52915,3.6231,6.901975
suno_729598f9-d69f-4053-8e98-cebac9ee29e0,suno,cropped,3.6647,6.995575,3.8257,7.357825,3.7489,7.1850249999999996,3.5477,6.7323249999999994,3.495,6.6137500000000005,3.6564,6.9769000000000005
suno_73431ae3-14ca-4330-b850-66afde76fb67,suno,full,2.8296,5.1166,3.1232,5.777200000000001,2.8843,5.239675,2.8241,5.1042250000000005,2.814,5.0815,2.895,5.26375
suno_7374ad30-05a8-401a-9863-f2d928516e58,suno,full,2.2925,3.908125,2.6076,4.617100000000001,2.3317,3.996325,2.2848,3.8908000000000005,2.2868,3.8952999999999998,2.3607,4.0615749999999995
suno_757a8be0-2d5d-435a-b4fb-2728fb17b459,suno,full,3.4854,6.592149999999999,3.684,7.039000000000001,3.6606,6.98635,3.4199,6.444775,3.3619,6.314274999999999,3.5224,6.675400000000001
suno_78d5db29-5691-4241-820e-3cff9706310f,suno,full,3.8773,7.4739249999999995,3.9828,7.7113000000000005,3.9738,7.691050000000001,3.6841,7.039225,3.632,6.922000000000001,3.83,7.3675
suno_79471cb6-907f-488a-affd-a984c18f3028,suno,full,1.8751,2.968975,2.2209,3.747025,1.8878,2.99755,1.8262,2.85895,1.8531,2.919475,1.9326,3.0983500000000004
suno_7a44611a-bf54-4937-8156-b340ae931def,suno,full,4.3973,8.643925000000001,4.381,8.60725,4.4369,8.733025,4.091,7.954750000000001,4.0969,7.968024999999999,4.2806,8.38135
suno_7c06f924-6c63-4900-9cfb-7590442cda47,suno,full,2.3561,4.0512250000000005,2.6049,4.611025000000001,2.2112,3.7251999999999996,2.2926,3.9083500000000004,2.3818,4.10905,2.3693,4.080925
suno_7c6d68ba-2c0b-4c70-8ba0-7c27885157dc,suno,full,4.6175,9.139375,4.5742,9.04195,4.6964,9.316899999999999,4.3673,8.576425,4.3484,8.5339,4.5208,8.921800000000001
suno_80afd5e9-a7ac-446c-a9b2-ed5e492335f7,suno,cropped,3.9785,7.701625,4.0405,7.841125,4.0148,7.7833000000000006,3.7637,7.218325,3.7214,7.12315,3.9038,7.53355
suno_813d6c02-3123-4731-9913-58dc6d2d3da6,suno,full,4.2323,8.272675000000001,4.2232,8.2522,4.3197,8.469325000000001,3.9795,7.703875,3.9378,7.61005,4.1385,8.061625
suno_82815282-fe11-4294-8479-7f85d3749818,suno,full,3.0601,5.635224999999999,3.3082,6.1934499999999995,3.2427,6.046075,3.0371,5.583475,2.9972,5.4937,3.1291,5.790475000000001
suno_82c4091e-c092-48d4-b279-c4a01db5e8a4,suno,cropped,2.9516,5.3911,3.2104,5.9734,3.1196,5.7691,2.9508,5.3893,2.9004,5.2759,3.0266,5.559850000000001
suno_849ae9bf-c3cb-4627-91d6-108483036035,suno,full,3.7977,7.2948249999999994,3.9201,7.570225000000001,3.9747,7.693074999999999,3.7089,7.095025,3.6181,6.890725,3.8039,7.308775
suno_87b138c5-137c-4031-9a1c-be950f88e892,suno,full,2.6383,4.686175,2.9557,5.4003250000000005,2.8629,5.1915249999999995,2.7087,4.844575,2.6151,4.6339749999999995,2.7561,4.951225
suno_8aa1c55b-5014-42e1-9079-098c07f64bb5,suno,full,4.6014,9.10315,4.579,9.05275,4.6499,9.212275,4.3203,8.470675,4.3159,8.460775,4.4933,8.859924999999999
suno_8d138555-9bbd-4f78-b079-123d5952e29e,suno,full,2.4795,4.328875,2.8101,5.072724999999999,2.5186,4.41685,2.4838,4.33855,2.4758,4.32055,2.5536,4.4956
suno_8dc2c1f3-213d-4503-84e2-65216085cc9a,suno,full,2.2561,3.826225,2.5869,4.570525,2.3417,4.018825,2.2779,3.8752749999999994,2.2473,3.806425,2.342,4.019500000000001
suno_8f0c098f-321c-4f47-a4a6-21e4116d6483,suno,full,2.372,4.087,2.7023,4.8301750000000006,2.3847,4.115575,2.4054,4.1621500000000005,2.3956,4.1401,2.452,4.2669999999999995
suno_8fc96b04-9dcf-4d55-b0c2-d464607dd21e,suno,cropped,3.6098,6.87205,3.7821,7.2597249999999995,3.6578,6.98005,3.4757,6.5703249999999995,3.4629,6.541525,3.5977,6.844825
suno_90777b2e-4475-4b52-a26b-e10efb6fcc00,suno,cropped,2.3658,4.07305,2.695,4.81375,2.4965,4.367125000000001,2.4024,4.1554,2.35,4.0375,2.4619,4.289275
suno_90f7405a-956e-4eae-a581-a96da8d988c3,suno,full,4.3593,8.558425,4.3285,8.489125,4.3921,8.632225,4.0419,7.844275,4.0568,7.8778,4.2357,8.280325
suno_9571e55d-1660-4f47-b5a1-a48f4a19ea5f,suno,full,4.5719,9.036775,4.5202,8.920449999999999,4.6113,9.125425,4.2793,8.378425,4.269,8.35525,4.4503,8.763175
suno_96a5c913-7990-49f5-88bf-10bfc0498bc1,suno,cropped,3.993,7.734249999999999,4.064,7.894,4.0499,7.862275,3.7549,7.198525,3.7315,7.145875,3.9187,7.567075
suno_96cc037f-d8b6-4789-b1f7-7bc5042a7164,suno,cropped,2.2022,3.7049499999999997,2.5104,4.3984000000000005,2.1537,3.5958250000000005,2.1652,3.6217,2.2206,3.7463500000000005,2.2504,3.8133999999999997
suno_9a7fd58e-132c-4ac5-9a25-f40d7f6f8c9f,suno,full,4.0387,7.8370750000000005,4.0888,7.9498,4.145,8.076249999999998,3.8251,7.356475,3.7767,7.247574999999999,3.9749,7.693524999999999
suno_9cd7f8cc-d9e5-4d10-b1a0-3b5fad2418c5,suno,cropped,3.909,7.545249999999999,3.9871,7.720974999999999,3.8784,7.4764,3.6773,7.023924999999999,3.6432,6.9472000000000005,3.819,7.34275
suno_9fe9a266-6cef-46ca-bbdd-48fa9db7c7ca,suno,full,2.8892,5.2507,3.1864,5.9193999999999996,3.1471,5.8309750000000005,2.9744,5.4424,2.8591,5.182975000000001,3.0112,5.5252
suno_a07fbd94-16a5-4c07-bfe2-53cbb7651873,suno,full,2.5223,4.425174999999999,2.836,5.130999999999999,2.6927,4.808574999999999,2.5843,4.564674999999999,2.5118,4.40155,2.6294,4.66615
suno_a16c8ece-e811-43ed-8699-23a3fea3a108,suno,full,2.8484,5.158899999999999,3.1711,5.884975,3.1123,5.752675,2.9415,5.368375,2.8613,5.187925,2.9869,5.470524999999999
suno_a1cf5295-ef60-497e-b526-8eec16975e8c,suno,full,4.6255,9.157375,4.575,9.043750000000001,4.6976,9.319600000000001,4.3612,8.5627,4.3589,8.557525,4.5236,8.9281
suno_a6ba0d7e-bc99-4331-a8a3-c0f41138a7c6,suno,full,4.463,8.79175,4.4308,8.719299999999999,4.5267,8.935075,4.1602,8.11045,4.1567,8.102575,4.3475,8.531875
suno_a6d1f000-e46c-4f22-84d5-0142a91bcf81,suno,full,4.5874,9.07165,4.5581,9.005724999999998,4.6754,9.269649999999999,4.3451,8.526475000000001,4.3117,8.451325,4.4955,8.864875
suno_a89f9227-0d00-4f51-8e5b-366545549825,suno,full,4.4915,8.855875000000001,4.454,8.7715,4.5869,9.070525,4.231,8.26975,4.21,8.2225,4.3947,8.638075
suno_afef6b8b-05d1-445e-b9e9-44b6ed684420,suno,full,4.0648,7.8957999999999995,4.11,7.9975000000000005,4.1409,8.067025000000001,3.8596,7.4341,3.8093,7.320925,3.9969,7.743025
suno_aff9db3a-c032-4d21-8501-a6bf095a3401,suno,full,4.0648,7.8957999999999995,4.108,7.992999999999999,4.1106,7.998849999999999,3.8245,7.355125,3.7844,7.264900000000001,3.9785,7.701625
suno_b0fb9dc7-6fd2-4e98-a67d-ca6f2dd523a9,suno,cropped,2.3161,3.961225,2.6553,4.724425,2.3242,3.9794499999999995,2.3327,3.9985749999999998,2.3436,4.0230999999999995,2.3944,4.1374
suno_b1166bfa-00cb-4be1-bb0d-0eeb6f409d32,suno,full,2.9237,5.328325,3.2425,6.045625,3.2274,6.0116499999999995,3.0311,5.5699749999999995,2.9085,5.294125,3.0666,5.649850000000001
suno_b23f3e57-bf94-49ce-90a0-a5af15ac53df,suno,full,2.4545,4.272625,2.7817,5.008825,2.6262,4.65895,2.5026,4.380850000000001,2.4535,4.270375,2.5637,4.518325
suno_b38585fa-74e7-4a1d-b2db-3487f086cf46,suno,full,4.5447,8.975575,4.5066,8.88985,4.5938,9.08605,4.2402,8.29045,4.226,8.2585,4.4223,8.700175
suno_b3e5cfe2-d1d8-454f-958b-c69c86e1f751,suno,full,3.2846,6.140350000000001,3.5082,6.64345,3.461,6.537249999999999,3.2541,6.071725000000001,3.1808,5.9068000000000005,3.3377,6.259824999999999
suno_b42be74c-ea65-46f2-a8cf-8e7cc2fd8d13,suno,full,4.6219,9.149275,4.5931,9.084475,4.6962,9.31645,4.3669,8.575525,4.3514,8.54065,4.5259,8.933275
suno_b72eea2e-32a1-4d7e-b5d6-5ddd1e6d11c3,suno,full,4.0777,7.924825,4.1025,7.980625,4.1617,8.113824999999999,3.8604,7.435899999999999,3.8116,7.326099999999999,4.0028,7.7562999999999995
suno_b7d343b2-bf17-4378-bd58-b8c5e2904d2c,suno,cropped,4.4874,8.84665,4.4638,8.79355,4.5756,9.0451,4.2222,8.24995,4.208,8.218,4.3914,8.63065
suno_bdb4c675-dd79-4359-a819-65de4b35d834,suno,full,2.239,3.78775,2.5501,4.487725,2.1832,3.6621999999999995,2.2527,3.818575,2.2785,3.8766250000000007,2.3007,3.9265749999999997
suno_be665c0b-38f1-42e7-82c2-b786702ca2da,suno,full,4.0738,7.91605,4.0849,7.941025000000001,4.1978,8.19505,3.9082,7.54345,3.8678,7.45255,4.0265,7.8096250000000005
suno_c0f361e2-19ce-4c41-ab07-a2491e2594b8,suno,cropped,4.35,8.5375,4.3092,8.445699999999999,4.3829,8.611525,4.0546,7.87285,4.0296,7.816600000000001,4.2253,8.256924999999999
suno_c635c57c-2886-4df8-bcca-1516ad9cee9a,suno,full,3.1187,5.767075,3.3681,6.328225,3.1325,5.798125,3.0509,5.6145249999999995,3.0373,5.583925000000001,3.1415,5.8183750000000005
suno_c7f9d400-9d34-422d-95fd-dd1c94d91947,suno,full,4.6542,9.221950000000001,4.6177,9.139825,4.7163,9.361675000000002,4.4001,8.650225,4.3824,8.610399999999998,4.5541,8.996725
suno_c802a04e-2422-4718-8801-4748175ad171,suno,full,4.5444,8.974900000000002,4.4941,8.861725,4.6608,9.2368,4.3154,8.45965,4.2982,8.42095,4.4626,8.79085
suno_cc2b8b85-f8ed-40a4-9689-4d2f5f770682,suno,full,4.34,8.515,4.3153,8.459425,4.5034,8.88265,4.1535,8.095375,4.1027,7.981074999999999,4.283,8.386750000000001
suno_cfe692a1-a07e-4247-9cc3-114c8a8fac1e,suno,full,4.5952,9.0892,4.5485,8.984124999999999,4.6152,9.1342,4.2949,8.413525,4.2858,8.39305,4.4679,8.802775
suno_d4991bdd-0218-4b5a-913f-2f2d5e705a73,suno,full,3.5248,6.6808,3.7179,7.1152750000000005,3.6425,6.945625,3.4148,6.4333,3.3643,6.319675,3.5329,6.699025000000001
suno_dba1d9a0-5040-4e87-bc9f-bf3f68e8ad3d,suno,full,3.8062,7.31395,3.8631,7.441975,3.7856,7.2676,3.6744,7.017399999999999,3.6405,6.9411249999999995,3.754,7.1965
suno_dd1f01fc-6748-44ff-a195-71dff8c33f5d,suno,cropped,2.7041,4.834225,3.0161,5.536225,2.9414,5.36815,2.7852,5.0167,2.678,4.7755,2.825,5.10625
suno_dda4a854-0af9-455f-8500-12c847d347e0,suno,full,4.1634,8.117650000000001,4.1811,8.157475,4.2503,8.313175000000001,3.8757,7.470325000000001,3.872,7.462,4.0685,7.9041250000000005
suno_dee935f3-edec-4821-b706-c07a7c34d1fd,suno,cropped,3.0513,5.615425,3.3263,6.234175,3.2992,6.1732,3.1363,5.806674999999999,3.0089,5.520025,3.1644,5.8699
suno_deff818a-219b-4857-8438-f03e625db42d,suno,full,4.2611,8.337475,4.2377,8.284825000000001,4.3789,8.602525,3.9963,7.741675000000001,3.9963,7.741675000000001,4.1741,8.141725000000001
suno_e19acbfb-ad8d-4feb-836f-d6eece629f27,suno,full,3.3667,6.325075,3.5806,6.80635,3.4445,6.500125000000001,3.2676,6.1021,3.2185,5.991625,3.3756,6.3450999999999995
suno_e39870ac-dab2-4990-a8a7-0a93032991db,suno,cropped,3.3727,6.3385750000000005,3.5786,6.80185,3.5153,6.659425,3.3484,6.283899999999999,3.2832,6.1372,3.4196,6.4441
suno_e7d0cd41-4eba-4ef2-8c2c-72b46b77c7a8,suno,full,4.4652,8.796700000000001,4.421,8.69725,4.45,8.7625,4.17,8.1325,4.1404,8.0659,4.3293,8.490925
suno_e88a8569-b010-4ea5-9561-4a2b4e9acba5,suno,full,4.2204,8.245899999999999,4.2277,8.262324999999999,4.2502,8.31295,3.9057,7.537825,3.8998,7.52455,4.1008,7.976799999999999
suno_ec05f523-edc2-483d-b1f1-1d927ae825e2,suno,cropped,4.5796,9.0541,4.546,8.9785,4.6322,9.17245,4.2955,8.414874999999999,4.2804,8.3809,4.4667,8.800075
suno_ed82665f-00c0-405c-93b2-0479d48b8bb4,suno,full,4.3867,8.620075,4.3597,8.559325000000001,4.3683,8.578674999999999,4.0541,7.871725,4.0521,7.867225,4.2442,8.29945
suno_eefa1a6c-3891-41e4-93c3-29b6f56a05c4,suno,full,3.956,7.651,4.0402,7.840449999999999,4.1398,8.06455,3.8117,7.326325000000001,3.738,7.1605,3.9371,7.608475
suno_f04d87c3-6d38-4884-b654-1df3d9affbcb,suno,cropped,4.1628,8.116299999999999,4.1785,8.151625,4.1911,8.179974999999999,3.9278,7.58755,3.8781,7.475725,4.0677,7.902325000000001
suno_f401c415-3eda-456c-b552-c45eb85764a0,suno,full,4.232,8.272,4.216,8.236,4.287,8.39575,3.9465,7.629625,3.9199,7.569775,4.1203,8.020675
suno_f5005bf1-3d75-4462-96d3-1a91e84d38fc,suno,cropped,3.2546,6.07285,3.494,6.6115,3.5156,6.6601,3.288,6.148,3.1802,5.90545,3.3465,6.279624999999999
suno_f6190882-7cb8-4328-a561-abedb44e9454,suno,cropped,4.4332,8.7247,4.3534,8.54515,4.3409,8.517025,4.1904,8.1784,4.1631,8.116975,4.2962,8.41645
suno_f783fbab-689e-4f83-bf38-b486e66439f1,suno,full,4.3656,8.5726,4.3284,8.488900000000001,4.2987,8.422075,4.0635,7.892875000000001,4.0388,7.837300000000001,4.219,8.242750000000001
suno_f78dedbb-55a2-41e9-84bb-4abe0e4c36f7,suno,full,3.0739,5.666275000000001,3.3261,6.233725,3.0932,5.7097,3.0095,5.521375,2.987,5.470750000000001,3.0979,5.720275
suno_f7aad093-50f0-499c-b549-7da8d43e1618,suno,full,4.3069,8.440525,4.304,8.434000000000001,4.5052,8.886700000000001,4.1682,8.128449999999999,4.1161,8.011225,4.2801,8.380225
suno_f7f1bbcf-b66c-4cf2-9cca-ba0c98c3cbf3,suno,full,2.4208,4.1968,2.7463,4.929175000000001,2.4808,4.331799999999999,2.4544,4.2724,2.4396,4.2391000000000005,2.5084,4.3939
udio_019b8021-f17e-484f-9958-dfa632108228,udio,full,2.01,3.2724999999999995,2.3114,3.9506499999999996,1.9348,3.1033,1.9177,3.064825,2.0271,3.310975,2.0402,3.34045
udio_056e26de-6dd6-40a9-9c1a-67b143814689,udio,full,4.1711,8.134975,4.1658,8.12305,4.2606,8.33635,3.8897,7.501825,3.8855,7.492375,4.0745,7.917624999999999
udio_069d64ee-15e8-4475-893a-af714e706003,udio,full,1.9124,3.0529,2.1783,3.6511750000000003,1.7855,2.7673750000000004,1.7933,2.784925,1.9357,3.105325,1.921,3.07225
udio_06ff2580-e14f-4ac9-8fad-84d67721319a,udio,full,2.5129,4.404025000000001,2.8422,5.14495,2.5512,4.4902,2.5003,4.375675,2.5012,4.3777,2.5816,4.5586
udio_086ed947-af5e-4c9c-a521-ef8708976075,udio,full,1.8649,2.946025,2.1909,3.679525,1.8279,2.862775,1.7796,2.7541,1.8307,2.869075,1.8988,3.0223
udio_0ee2a5b2-8514-43be-8959-e18f683dd651,udio,cropped,4.643,9.19675,4.6225,9.150625,4.7004,9.3259,4.3795,8.603875,4.3744,8.5924,4.544,8.974
udio_10478c8c-c163-4756-899e-c17680cba376,udio,full,2.9122,5.302449999999999,3.2059,5.963275,3.1327,5.798575,2.9749,5.443524999999999,2.8994,5.27365,3.025,5.5562499999999995
udio_18afe5cd-39ec-42dc-a5c9-660cc6b5c5ec,udio,full,3.4044,6.4098999999999995,3.6813,7.032925,3.6199,6.894775,3.4251,6.456475,3.3739,6.3412749999999996,3.5009,6.627025000000001
udio_1ce43bf9-76fd-4cb3-8786-47ef08e71fbf,udio,cropped,3.689,7.05025,3.8442,7.39945,3.8819,7.484275,3.6167,6.887575,3.5407,6.716575000000001,3.7145,7.1076250000000005
udio_1ea6ca8d-a9f1-41c9-a095-fd8beb3f0264,udio,full,2.8319,5.121775,3.1312,5.7952,3.04,5.59,2.8693,5.205925,2.8287,5.114575,2.9402,5.36545
udio_1ec2c35b-9343-41c7-9883-1d75a815e8b9,udio,full,3.7437,7.173325,3.8765,7.472125,3.7476,7.182099999999999,3.5226,6.6758500000000005,3.5115,6.650874999999999,3.6804,7.0309
udio_20250599-67b0-47a4-a1f1-ef0438f68b25,udio,cropped,2.1572,3.6037,2.4898,4.352049999999999,2.1367,3.5575749999999995,2.1075,3.491875,2.1825,3.6606250000000005,2.2147,3.7330750000000004
udio_2105c6b1-0bdf-4cf2-a75f-740377fe9da6,udio,full,1.5324,2.1978999999999997,1.6261,2.4087250000000004,1.4401,1.990225,1.4251,1.9564750000000002,1.4984,2.1214,1.5044,2.1349
udio_229c71e1-b28f-479a-8b80-9b22de4938fe,udio,full,3.1925,5.9331249999999995,3.4341,6.476725,3.3448,6.2758,3.1807,5.906575,3.1417,5.818825,3.2588,6.0823
udio_23595cb9-a405-4851-9671-5da24f80a180,udio,cropped,2.5223,4.425174999999999,2.8359,5.130775,2.6152,4.6342,2.5221,4.4247250000000005,2.5193,4.418424999999999,2.603,4.60675
udio_26927d64-ff28-413c-9c3b-3be7850fb7f0,udio,full,3.8635,7.442875000000001,3.9887,7.724575000000001,3.9597,7.659325000000001,3.6585,6.981625,3.6311,6.919975,3.8203,7.345675
udio_26cdffc4-2e48-4ea2-81e2-bbe4acf482aa,udio,cropped,4.0973,7.968925,4.1166,8.01235,4.2121,8.227225,3.8306,7.36885,3.8165,7.337125,4.0146,7.78285
udio_28ac17da-caa3-435c-85c5-eff264f8634f,udio,full,1.7377,2.659825,2.0302,3.3179499999999997,1.6896,2.5516,1.63,2.4174999999999995,1.713,2.6042500000000004,1.7601,2.710225
udio_2909db13-4799-4e4f-a6ef-05fc1d501a5f,udio,cropped,2.6407,4.691574999999999,2.9813,5.457925,2.8809,5.232025,2.7185,4.866625000000001,2.6281,4.663225,2.7699,4.982275
udio_2bce55d3-de00-4e59-846f-03885bbb3417,udio,full,2.4851,4.341475,2.803,5.05675,2.4879,4.3477749999999995,2.4885,4.349125000000001,2.4949,4.363524999999999,2.5519,4.491775
udio_2ec29c6e-2e06-4e2d-b517-711c8655849e,udio,full,3.2023,5.9551750000000006,3.4266,6.45985,3.2902,6.15295,3.1017,5.7288250000000005,3.0756,5.670100000000001,3.2193,5.993425
udio_2f50cbca-c822-4e4f-ac9c-6f90183c6061,udio,cropped,3.3671,6.325975000000001,3.5738,6.791049999999999,3.5551,6.748975,3.3228,6.2263,3.2283,6.013675,3.4094,6.421150000000001
udio_2fe883f6-1e62-45c6-b166-332cb4082c40,udio,cropped,2.1554,3.5996500000000005,2.4701,4.307725,2.1327,3.5485749999999996,2.1359,3.5557749999999997,2.183,3.6617499999999996,2.2154,3.7346499999999994
udio_30979dbe-33d4-417e-8d7b-706a7a6244b0,udio,full,1.6419,2.4442749999999998,1.8323,2.872675,1.5614,2.2631499999999996,1.5206,2.17135,1.5975,2.344375,1.6307,2.4190750000000003
udio_33614351-c2c4-4609-b13a-77970cd2ba58,udio,full,3.1194,5.76865,3.376,6.346,3.2425,6.045625,3.0667,5.650075,3.032,5.572,3.1673,5.876425
udio_35a671e8-379f-4975-ae86-853d820742e8,udio,full,2.758,4.9555,3.0451,5.601475000000001,2.8342,5.12695,2.7422,4.91995,2.716,4.861000000000001,2.8191,5.092975
udio_38d9d8ef-79b9-49f9-8166-24b43bb686b1,udio,full,3.2795,6.128875,3.5004,6.6259,3.4004,6.4009,3.1953,5.939425,3.1497,5.836825,3.3051,6.186475
udio_3d16a769-6245-4175-950a-5c49c8a63e9e,udio,full,2.7721,4.9872250000000005,3.0689,5.655025,2.8333,5.124925,2.7198,4.86955,2.7231,4.876975,2.8234,5.10265
udio_3d4335dd-7cbd-41a3-a001-e1ef6e252e57,udio,full,2.7856,5.0176,3.1034,5.7326500000000005,3.0501,5.612725,2.8695,5.2063749999999995,2.7639,4.968775,2.9145,5.307625
udio_427f4100-3278-4d60-89be-0b3b43805981,udio,full,2.593,4.58425,2.9118,5.30155,2.7035,4.832875,2.6423,4.695175000000001,2.6077,4.617324999999999,2.6917,4.806325
udio_4444a2c0-aa4d-4665-b08e-fca631b0e7fd,udio,full,3.4388,6.4873,3.6274,6.911650000000001,3.5408,6.7168,3.3418,6.26905,3.3005,6.176125,3.4499,6.512275
udio_4552e798-871f-4e13-b3cb-f234ce0ed23b,udio,cropped,2.7194,4.86865,3.0324,5.5729,2.8669,5.200525,2.7386,4.911849999999999,2.7046,4.83535,2.8124,5.0779
udio_4f0f9c43-1adc-4999-8566-3e8d2d2af653,udio,full,3.0055,5.5123750000000005,3.2634,6.09265,3.1518,5.841550000000001,3.0228,5.5513,2.9601,5.4102250000000005,3.0807,5.6815750000000005
udio_520bd78a-c5c6-4cbb-9622-1f9fead66a1b,udio,full,3.8423,7.395175,3.9613,7.662925,3.9672,7.6762,3.6557,6.975325,3.6183,6.8911750000000005,3.809,7.320250000000001
udio_5343ca17-b184-4af4-89bd-f2a91cc434a9,udio,full,2.155,3.5987499999999994,2.4525,4.268125,2.1182,3.5159499999999997,2.103,3.4817500000000003,2.1554,3.5996500000000005,2.1968,3.6928
udio_5d39f51f-2439-4471-928f-737736a5f918,udio,full,3.7599,7.2097750000000005,3.8995,7.523875,3.7921,7.282225,3.5829,6.811525,3.5377,6.709825,3.7144,7.1074
udio_5ee31980-dc4c-49ca-b78d-5a55fe7e610e,udio,cropped,2.341,4.017250000000001,2.6507,4.714075,2.4447,4.250575,2.3765,4.097125,2.3311,3.994975,2.4288,4.214799999999999
udio_60930596-1947-47d0-90fb-fd0d19a5154f,udio,full,2.2418,3.79405,2.572,4.537,2.3194,3.96865,2.2351,3.778975,2.2271,3.760975,2.3191,3.9679750000000005
udio_60db38f6-caa5-4296-9494-3fcc5c55da04,udio,full,2.7531,4.944475,3.0776,5.6746,3.0139,5.531275,2.8429,5.1465250000000005,2.733,4.89925,2.8841,5.239225
udio_612eaea3-2e3f-4a08-8f95-6327b11729ae,udio,cropped,2.327,3.98575,2.6598,4.7345500000000005,2.4373,4.233925,2.3635,4.067875000000001,2.3239,3.978775,2.4223,4.200175
udio_62d0bc91-4518-4e2a-8fc5-9496a14f8dea,udio,full,2.7095,4.846375,3.0117,5.526325,2.8647,5.195575,2.7208,4.8718,2.6786,4.77685,2.7971,5.043475
udio_645bac8d-958e-43f8-9d02-8c0de00c9a78,udio,full,3.6715,7.010875,3.8514,7.415649999999999,3.8064,7.3144,3.5345,6.702625,3.5058,6.63805,3.6739,7.016275
udio_64a3538a-da63-43d1-a8b1-1749b4bc63e2,udio,full,2.3123,3.952675,2.652,4.7170000000000005,2.4263,4.209175,2.3487,4.034575,2.3108,3.9493,2.41,4.1725
udio_69ed9c00-a50a-4d24-9352-004a12d42094,udio,full,4.3302,8.492949999999999,4.308,8.443,4.3163,8.461675,4.0251,7.806475000000001,4.0262,7.80895,4.2012,8.2027
udio_6be94cfb-d4a8-477a-9c07-a9949c259236,udio,full,2.2994,3.92365,2.6114,4.62565,2.2516,3.8160999999999996,2.2932,3.9097000000000004,2.3215,3.973375,2.3554,4.04965
udio_6e599aff-0394-4ee0-a48e-f85a8f2b79a5,udio,full,2.0048,3.2607999999999997,2.3587,4.057074999999999,2.0203,3.2956750000000006,1.9417,3.118825,1.9773,3.198925,2.0606,3.38635
udio_707781aa-5966-4720-b01d-e599914fda21,udio,full,3.4754,6.56965,3.6766,7.02235,3.6088,6.8698,3.4355,6.479875000000001,3.366,6.3235,3.5125,6.653125
udio_7363f403-f6bd-479a-9c35-9cc2d75ad088,udio,full,4.0961,7.966225,4.1323,8.047675,4.2375,8.284375,3.8501,7.412725,3.862,7.439500000000001,4.0356,7.830099999999999
udio_74d3e5d2-0192-4f30-89f0-760d3d305446,udio,full,3.4092,6.420699999999999,3.6078,6.8675500000000005,3.601,6.85225,3.3862,6.36895,3.3151,6.208975000000001,3.4639,6.543775
udio_755c8c40-5b47-4cd4-a774-e603c6002522,udio,cropped,4.046,7.8535,4.0885,7.9491249999999996,4.0962,7.966449999999999,3.7793,7.253425,3.7664,7.2244,3.9553,7.649425
udio_76964945-9b5a-4cea-8029-365e76370dea,udio,full,2.3543,4.047174999999999,2.7009,4.827025,2.4331,4.224475,2.3484,4.033899999999999,2.3558,4.050549999999999,2.4385,4.236625
udio_79e659e5-05df-4102-a0de-c6f64b966abd,udio,cropped,3.7451,7.176475,3.9103,7.548175,3.892,7.507,3.6185,6.891625,3.5616,6.763599999999999,3.7455,7.177375
udio_7b2044f5-af08-421b-8066-ec14dbb8fb8c,udio,cropped,2.3509,4.039525,2.6984,4.8214,2.5085,4.394125000000001,2.4024,4.1554,2.3592,4.058199999999999,2.4639,4.293775
udio_7e0583f7-0889-43b9-aa69-75954c2f6dc9,udio,full,3.233,6.02425,3.4855,6.5923750000000005,3.4222,6.44995,3.2349,6.028525,3.1614,5.86315,3.3074,6.19165
udio_7ea85bef-28f8-437c-9936-c49e7139156d,udio,full,3.821,7.347250000000001,3.9596,7.6591000000000005,4.0206,7.79635,3.69,7.0525,3.6487,6.959574999999999,3.828,7.3629999999999995
udio_8133208e-e702-463a-89ef-7da442d0ce4a,udio,cropped,2.5357,4.455325,2.8804,5.2309,2.6985,4.821625,2.6013,4.602925000000001,2.5462,4.478949999999999,2.6524,4.7179
udio_83f4c680-8497-4299-9225-dd44f477b600,udio,cropped,2.2574,3.8291500000000003,2.5769,4.548025000000001,2.3034,3.9326499999999998,2.2329,3.774025,2.2569,3.828025,2.3255,3.9823749999999998
udio_88201e71-aedd-4dc0-8f0b-b1d405fdee20,udio,full,3.263,6.091749999999999,3.5247,6.680575,3.5736,6.7905999999999995,3.3187,6.217075,3.2135,5.9803749999999996,3.3787,6.352074999999999
udio_883d9ecb-a9b1-4256-9fb6-14cf5ce3b675,udio,full,3.0387,5.587075,3.2898,6.15205,3.2367,6.032575,3.0456,5.6026,2.9766,5.44735,3.1175,5.764375
udio_8878eead-39c9-436a-824e-9ca0e4605e07,udio,full,4.6366,9.18235,4.593,9.08425,4.6939,9.311275,4.3686,8.57935,4.363,8.56675,4.531,8.944749999999999
udio_8e06d246-be4c-456c-9c16-c86d0af5eb85,udio,full,3.6767,7.022575,3.8295,7.366375,3.8226,7.35085,3.5248,6.6808,3.4868,6.5953,3.6681,7.003225
udio_8e746a81-32e7-475a-8edf-478a3cbfdd80,udio,full,4.5118,8.90155,4.4862,8.84395,4.5667,9.025075,4.2137,8.230825,4.2177,8.239825,4.3992,8.648200000000001
udio_8ea872ed-3bc7-4387-ba1f-f119ba736194,udio,full,2.1828,3.6612999999999998,2.508,4.393,2.2343,3.7771750000000006,2.1533,3.5949250000000004,2.1543,3.597175,2.2465,3.8046250000000006
udio_8ecad45d-e874-497d-9bc4-912ff597708b,udio,full,2.54,4.465,2.876,5.221,2.7337,4.900824999999999,2.6106,4.623849999999999,2.5327,4.448575,2.6586,4.73185
udio_8ef91bdf-6754-4614-8f47-00dfd6545644,udio,full,2.9069,5.290525,3.2177,5.989825,3.2074,5.96665,3.0137,5.530825,2.8951,5.263974999999999,3.0482,5.60845
udio_8fb58303-b6c0-45aa-91a2-8abb757c383b,udio,full,3.3665,6.324624999999999,3.5866,6.81985,3.4236,6.4531,3.2614,6.088150000000001,3.2334,6.02515,3.3743,6.342174999999999
udio_9168aa37-eb19-4088-bb46-c8369855503f,udio,cropped,3.7188,7.1173,3.8644,7.4449,3.9049,7.536025,3.6188,6.8923,3.5448,6.7258,3.7303,7.143175
udio_92ef2fd4-3370-4777-8ac7-5c1b3d7f0886,udio,full,1.9227,3.0760750000000003,2.245,3.8012500000000005,1.8978,3.02005,1.8315,2.870875,1.8849,2.991025,1.9564,3.1519
udio_95757cfb-3ec4-4d67-843a-e681a3c75595,udio,full,2.6529,4.719024999999999,2.9583,5.406175,2.7981,5.045724999999999,2.6825,4.7856250000000005,2.6424,4.695399999999999,2.7468,4.9303
udio_987fca14-a936-4740-8d48-9a62d4753329,udio,full,2.0342,3.3269499999999996,2.3339,4.001275,1.9404,3.1159,1.9705,3.1836249999999997,2.0759,3.420775,2.071,3.4097500000000003
udio_99db0199-fb76-4ff3-9b29-1a34fe50a2ee,udio,full,2.8882,5.24845,3.1813,5.907925,3.024,5.554,2.8685,5.204125,2.8367,5.132575,2.9597,5.409325000000001
udio_9a724c2a-19b1-494d-b818-357eeee5b6fc,udio,cropped,2.0697,3.4068250000000004,2.4157,4.185325000000001,2.1199,3.5197749999999997,2.0349,3.328525,2.0514,3.3656500000000005,2.1383,3.5611750000000004
udio_9d70bb96-a9d0-4e86-b927-f84707d738af,udio,full,3.2601,6.085225,3.4947,6.613075,3.451,6.51475,3.2286,6.01435,3.1677,5.877325,3.3204,6.220899999999999
udio_a1cf898c-a648-45f9-8f9f-0a5a1a61d694,udio,cropped,2.9729,5.439025,3.2542,6.07195,3.1498,5.83705,2.9627,5.416074999999999,2.9134,5.30515,3.0506,5.61385
udio_a2267f64-7aeb-414b-a418-a2f1288c3a12,udio,full,2.5365,4.4571250000000004,2.8637,5.193325000000001,2.7221,4.874725000000001,2.6131,4.629475,2.5215,4.423375,2.6514,4.71565
udio_a24f789b-007a-4d8e-88f4-d6bb6b490a8c,udio,full,2.8594,5.18365,3.1504,5.8384,2.9379,5.360275,2.8526,5.168349999999999,2.815,5.08375,2.9231,5.326974999999999
udio_a2690b7c-fe56-4628-a3b0-570bb6a191c6,udio,full,2.1449,3.5760249999999996,2.476,4.321,2.1602,3.61045,2.1105,3.498625,2.119,3.5177500000000004,2.2021,3.7047250000000003
udio_a2853554-a54f-4e3a-ad38-230d7203d11a,udio,full,2.2928,3.9088000000000003,2.6044,4.6099,2.3415,4.018375,2.289,3.90025,2.2672,3.8511999999999995,2.359,4.05775
udio_a311f2b0-70a9-4e1c-ba2a-83484426cdd0,udio,full,2.135,3.5537499999999995,2.4684,4.3039,2.1793,3.653425,2.1233,3.527425,2.1197,3.519325,2.2051,3.7114749999999996
udio_a8ae99c2-154b-4e76-8df1-e73f566524dc,udio,full,2.5816,4.5586,2.9062,5.28895,2.7524,4.9429,2.6425,4.695625,2.5604,4.5108999999999995,2.6886,4.7993500000000004
udio_aa5070c2-1667-4135-aff7-329c68c304e1,udio,full,2.2548,3.8232999999999997,2.5828,4.561300000000001,2.3406,4.016349999999999,2.2733,3.8649249999999995,2.2481,3.808225,2.3399,4.014775
udio_af8891e9-1d76-4d6d-8788-62dba5c72f37,udio,full,2.2947,3.9130750000000005,2.6236,4.6531,2.4029,4.156524999999999,2.3067,3.940075,2.2736,3.8656,2.3803,4.105675
udio_b4565c31-d5e6-499d-afe5-b6d2355b5b13,udio,full,2.2832,3.8872,2.6091,4.620475000000001,2.3792,4.1032,2.296,3.9159999999999995,2.2695,3.856375,2.3674,4.07665
udio_b5ab1463-e9ba-469e-8e90-1727834f1a25,udio,full,3.6165,6.887124999999999,3.8006,7.30135,3.8521,7.417225,3.5914,6.83065,3.5101,6.647725,3.6741,7.016725
udio_b6627b9f-22dc-44ee-9e85-b6c5c0b5daf6,udio,full,2.7101,4.8477250000000005,3.0225,5.550625,2.9452,5.3767,2.7958,5.04055,2.6998,4.82455,2.8347,5.128075000000001
udio_b8ccd031-97ae-40e9-9a98-3fb15b8c6f45,udio,full,3.3533,6.294925,3.5802,6.80545,3.4959,6.615774999999999,3.2801,6.130225,3.2114,5.97565,3.3842,6.36445
udio_ba5b01d6-4af9-4ddc-a562-e69afd222dc7,udio,full,2.2552,3.8242,2.5681,4.528224999999999,2.2199,3.7447749999999997,2.2224,3.7504,2.2545,3.8226250000000004,2.304,3.9339999999999997
udio_bca65851-f377-4d97-9038-12a7db67d665,udio,full,3.674,7.0165,3.8328,7.3738,3.8149,7.333525000000001,3.5833,6.812425,3.5061,6.638725,3.6822,7.03495
udio_c3d6c422-e842-41ad-9af3-01b69b9794e5,udio,full,2.2416,3.7936,2.5792,4.5532,2.3232,3.9772,2.2485,3.809125,2.2267,3.7600750000000005,2.3238,3.97855
udio_c448e0a6-9856-4acd-8a64-902f71bf8bf4,udio,full,3.618,6.890499999999999,3.7912,7.2802,3.7293,7.140924999999999,3.5235,6.677874999999999,3.4633,6.542425,3.6251,6.906475
udio_c47d3735-27c9-47c7-9102-36094671241b,udio,full,2.6715,4.760875,2.994,5.4865,2.8026,5.0558499999999995,2.6833,4.787425,2.6472,4.706200000000001,2.7597,4.959325
udio_c6066a0c-c9ea-4031-89f2-351fa50035e6,udio,full,3.2387,6.037075000000001,3.4615,6.538375,3.4211,6.447475,3.2536,6.0706,3.1582,5.85595,3.3066,6.18985
udio_c7a68f06-f76c-4bbe-ad53-1de1b51bacea,udio,cropped,1.7765,2.747125,2.0522,3.36745,1.703,2.5817500000000004,1.6261,2.4087250000000004,1.7781,2.750725,1.7872,2.7712
udio_c9caf443-fe76-4a21-be70-816f55e4db3b,udio,full,3.935,7.60375,4.0269,7.810525000000001,4.0681,7.903225000000001,3.7334,7.15015,3.6796,7.029100000000001,3.8886,7.49935
udio_cb0385b4-adc0-440d-a244-c7f2fd154ce8,udio,full,2.665,4.74625,2.9686,5.4293499999999995,2.7376,4.9096,2.6279,4.662775,2.6196,4.6441,2.7237,4.878325
udio_cf7866aa-a771-4b59-80b9-e7d9e8d009dc,udio,full,4.5292,8.9407,4.4848,8.8408,4.6142,9.13195,4.2758,8.370550000000001,4.2569,8.328025,4.4322,8.72245
udio_d34f55b1-a543-44c0-a1e4-4167b984b46d,udio,full,2.686,4.7935,3.0296,5.566599999999999,2.932,5.3469999999999995,2.7704,4.9834,2.6756,4.7701,2.8187,5.092075
udio_d69e70a3-0da3-40c5-82df-4b35c9abe2ad,udio,cropped,3.5319,6.696775,3.761,7.21225,3.7115,7.100875,3.4975,6.619375,3.3999,6.399775,3.5804,6.8059
udio_d7ac83cc-cdc6-41a0-92f5-f15a4990064c,udio,full,2.5715,4.535875,2.9087,5.294575,2.6442,4.699450000000001,2.6083,4.618675,2.5732,4.5397,2.6612,4.7377
udio_d7ade13d-27e8-434a-b7fc-347aad5aa040,udio,cropped,3.201,5.95225,3.5142,6.65695,3.5129,6.654025000000001,3.311,6.19975,3.1899,5.927275000000001,3.3458,6.27805
udio_d8b62f9b-cd9b-44a1-a92a-50b34a15c591,udio,full,4.3023,8.430174999999998,4.2833,8.387425,4.3354,8.50465,4.0131,7.779475,3.99,7.727500000000001,4.1848,8.1658
udio_d9443309-2850-4269-a044-dcf2c4131d87,udio,full,2.3899,4.127275,2.7217,4.873825,2.5434,4.47265,2.4436,4.2481,2.3775,4.099375,2.4952,4.3642
udio_e35092da-9739-40d4-b68a-7aa03bb525a5,udio,cropped,2.8886,5.24935,3.2297,6.016825,3.1594,5.858650000000001,2.9865,5.469625,2.9147,5.308075,3.0358,5.580550000000001
udio_e510c2bf-1a73-4ae8-bbd8-ce1b6c39aaa5,udio,full,2.2018,3.70405,2.5323,4.447675,2.2098,3.72205,2.1646,3.62035,2.1963,3.691675,2.261,3.83725
udio_e5d7404e-c491-4a7b-92d7-1a9188e492fe,udio,full,2.4908,4.3543,2.8218,5.09905,2.6307,4.669075,2.5186,4.41685,2.4913,4.355424999999999,2.5906,4.578849999999999
udio_e6911b69-d853-4fea-ae5d-4680624543b3,udio,full,1.8067,2.815075,2.1294,3.54115,1.7774,2.74915,1.7174,2.61415,1.7792,2.7531999999999996,1.842,2.8945000000000003
udio_e9ed8efc-e5e6-466b-a534-15d2a6a1abf1,udio,full,2.1615,3.6133750000000004,2.5003,4.375675,2.2352,3.7791999999999994,2.1642,3.6194500000000005,2.1544,3.5973999999999995,2.2431,3.796975
udio_ec661023-e74f-4c5a-bf61-cb1979df33db,udio,full,2.0735,3.415375,2.3613,4.062925,1.9921,3.232225,1.9734,3.19015,2.0777,3.4248250000000002,2.0956,3.4651000000000005
udio_ed21da97-b3b6-4409-a5a9-685428bd574f,udio,full,3.6103,6.873175,3.7771,7.248475,3.7281,7.138225,3.4988,6.6223,3.4597,6.534325000000001,3.6148,6.883299999999999
udio_f3ada5b7-efeb-4772-a0d9-cef40432a8e4,udio,cropped,1.7404,2.6658999999999997,2.0046,3.26035,1.6751,2.518975,1.6332,2.4247,1.7137,2.6058250000000003,1.7534,2.69515
udio_f490da7d-fd1c-4a24-b2a9-678562985cfb,udio,full,1.8139,2.831275,2.0979,3.470275,1.7529,2.694025,1.7083,2.5936749999999997,1.7753,2.744425,1.8297,2.8668250000000004
udio_f8225e85-e6ab-4ed2-acc6-57832d5586fd,udio,full,4.5946,9.08785,4.5529,8.994025,4.6769,9.273025,4.3416,8.5186,4.316,8.460999999999999,4.4964,8.866900000000001
udio_fd7d9d5a-aeea-420a-8faf-21fab5954a43,udio,full,2.5848,4.565799999999999,2.8913,5.255425000000001,2.7832,5.0122,2.6582,4.73095,2.5891,4.575475000000001,2.7013,4.827925
