song_id,song_source,snippet_kind,Musicality,Coherence,Memorability,Clarity,Naturalness
human_007cbc4a-88c0-4eb9-a7a9-ddfddad1dbee,human,cropped,3.7367,4.0216,3.9563,3.6347,3.5571
human_00fb7271-5d7f-4859-82e9-ac0e4078ae81,human,cropped,4.2707,4.5047,4.3757,4.3136,4.212
human_02065dc1-0568-4426-ac43-31d4ce441c66,human,cropped,4.2141,4.3939,4.3311,4.2146,4.1581
human_021021dd-f295-47b7-8a43-64e2790a0ecd,human,cropped,3.6276,3.7455,3.7516,3.6403,3.4008
human_040396a9-e04a-4beb-913c-21a3096f53d6,human,cropped,4.1451,4.1028,4.0467,3.9822,3.9741
human_06d0ce9d-641a-447e-a683-f8153f469237,human,cropped,3.931,4.143,3.9285,3.9546,3.8047
human_0cb36322-0dbd-491e-811e-dcab5bb3173a,human,cropped,2.5327,2.7812,2.6902,2.6249,2.5293
human_0e3fb9f3-fae5-4e51-b4ae-f1bb311f6122,human,cropped,3.8995,4.1846,4.129,3.9322,3.8587
human_13744bdf-1138-4f10-ae20-9d11d6e53554,human,cropped,3.6523,4.0332,3.9672,3.8996,3.8392
human_15b57a8c-a4e3-4eaa-8536-74094317a9de,human,cropped,3.604,3.6038,3.4482,3.3832,3.1499
human_177f9f64-5ebc-441f-ace9-82d9b098053f,human,cropped,2.8484,3.2382,2.8548,2.829,2.8623
human_1d5ef881-caa6-4cb1-aa55-ad7eaacb1549,human,cropped,3.7336,4.1411,3.8015,3.6864,3.8012
human_1dcd39f9-5456-46b5-ac48-9c797fe2fb53,human,cropped,2.9926,3.2213,3.1531,3.0219,2.7109
human_2376855e-3533-4774-8b96-4a7f3cb08567,human,cropped,4.1833,4.3738,4.2535,4.2106,4.1426
human_255881a6-b563-42ea-8478-3ab3ce55a055,human,cropped,3.4866,3.6024,3.4079,3.2342,3.3497
human_25600f24-d16d-43cf-b2d9-cc0678d87197,human,cropped,2.7494,3.2331,2.9123,2.7553,2.8447
human_27c331f1-9801-4ff0-b5aa-ae749a877dd4,human,cropped,2.5654,2.8186,2.3807,2.3581,2.346
human_28ba34ed-9eed-44fe-a726-d25f5c32f637,human,cropped,4.2308,4.3707,4.4411,4.1508,4.1458
human_28fe4b23-12f5-4ca6-b05e-cb9d872be745,human,cropped,3.6607,4.0626,3.876,3.6927,3.7385
human_2beee6c6-873e-4cc1-8d19-5521d4a2160e,human,cropped,3.3544,3.6546,3.6846,3.4761,3.5561
human_2c3fc810-1b23-40b7-90f3-517d87255ed2,human,cropped,3.1822,3.5948,3.1319,3.3381,3.2387
human_317d951a-c151-48b1-b8a5-da9799f5698b,human,cropped,2.9419,3.1812,2.9561,2.9863,3.1678
human_334f993e-046e-45a1-8d90-7abab87b36cb,human,cropped,4.0297,4.1364,4.1175,4.0034,3.8828
human_371238de-b9a8-4fec-b65e-12f46a855894,human,cropped,4.2542,4.3193,4.2882,4.2225,4.1718
human_37ad6d27-186f-4afe-bd3f-932c145bc3bc,human,cropped,3.6003,3.8298,3.7712,3.4955,3.5635
human_3cb2ea04-4381-4bf5-9c29-dbedc7e47ab5,human,cropped,3.47,3.7035,3.5235,3.5595,3.399
human_4721246e-489b-4193-9635-908be6d0c80f,human,cropped,2.8565,2.9799,2.9354,2.5973,3.019
human_4770f9df-c1ab-4baf-b63a-2702afefae4f,human,cropped,4.2029,4.4097,4.3492,4.1858,4.1231
human_489f3fea-5451-4343-95d9-8560b30999e3,human,cropped,2.6965,2.9435,2.9556,2.8737,2.8353
human_4bc03749-658d-4f7e-98c2-19104873069f,human,cropped,3.1313,3.3831,3.0735,3.2774,3.08
human_4c494e30-28d8-4eae-83a6-ceffa6c29c0c,human,cropped,4.2736,4.3397,4.1557,4.0206,3.8961
human_4df22174-d034-4e67-bd5e-755756d0aaec,human,cropped,3.7099,3.9359,3.899,3.7045,3.787
human_4e141530-9bad-4d21-a008-3a53720bf251,human,cropped,4.0012,4.2557,4.1753,4.0501,3.9023
human_522c0cd0-969d-495e-a33d-a73c88ef39ff,human,cropped,3.7215,3.934,3.839,3.7129,3.6602
human_5e7d4630-65a2-4db9-9d16-64dcc71f962b,human,cropped,3.9468,4.2976,3.9232,3.9612,3.9776
human_5ff7ba40-03db-4000-9776-684424a6fb64,human,cropped,3.0951,3.351,3.1774,2.9133,2.9713
human_615515e0-4940-47b8-a4b6-ae362cdd8a86,human,cropped,4.2453,4.4661,4.3737,4.274,4.2791
human_635d5daa-133b-45ec-9ca8-bb95073be487,human,cropped,3.8175,4.0376,3.8303,3.7307,3.4736
human_6b6fda83-98df-4a08-860a-07f896a626e0,human,cropped,3.7685,3.8985,3.8787,3.7932,3.54
human_6ca6b4d7-282e-4c62-a5db-396b48f7e2eb,human,cropped,3.2573,3.3687,3.2525,3.0947,3.1316
human_7062d45b-66ed-4ebe-93ae-6c6a5d9aac6b,human,cropped,3.8128,3.8477,3.7878,3.6657,3.596
human_788c3307-73f6-498b-ada2-0041edd77732,human,cropped,3.299,3.6017,3.6279,3.4561,3.4256
human_7c2c45a3-578f-4f52-b602-1854153c65c7,human,cropped,4.2318,4.4024,4.3051,3.9283,4.0092
human_80558d4a-ed62-4434-9fee-49785b54d065,human,cropped,3.7408,3.8697,3.8032,3.6544,3.6526
human_84154ccd-d487-4061-999b-8026feabff40,human,cropped,4.1806,4.4075,4.4126,4.1202,4.1999
human_892ce9c9-b005-4835-85d3-61e09ab7de2c,human,cropped,3.6239,3.9337,3.5914,3.5659,3.6029
human_8ab8d6d3-df73-4152-98ad-a7ae81e1ef55,human,cropped,3.2315,3.3078,3.1485,3.2796,3.0414
human_8bf8b018-78c6-46f6-b7ff-a59466f84bfc,human,cropped,3.9158,3.9095,3.8962,3.8964,3.8875
human_8f6b81a3-279d-4b00-8444-67119ef9ff32,human,cropped,2.0368,2.1762,2.0898,1.9626,1.9612
human_8f9818f2-654f-44f5-8502-4041b704ef77,human,cropped,2.0866,2.5531,2.3744,2.2495,2.1622
human_90c4927c-d2cb-4f47-ad94-28e9b2b3a543,human,cropped,3.164,3.4683,3.214,3.1621,3.2076
human_90cbe516-ec49-45b0-bd3d-6dad05125c0a,human,cropped,3.3512,3.5927,3.4373,3.3251,3.3809
human_95426f15-137d-43f0-80b8-fc651a1ac6e7,human,cropped,3.7966,3.9524,4.0196,3.8278,3.879
human_95ae9da4-1275-4d22-bcaf-b18c4493490d,human,cropped,3.4234,3.6651,3.5963,3.6037,3.4024
human_98061082-4ed2-486d-87b6-5dc32811a24e,human,cropped,2.5964,2.924,2.8835,2.4002,2.7954
human_9cd30fe5-ac26-4beb-88c7-943783835a83,human,cropped,3.7052,3.7375,3.7773,3.6534,3.6636
human_9ce3044e-f70f-4c08-a10c-e0a29478f4ff,human,cropped,3.1066,3.2167,3.2436,3.125,3.0603
human_ab5c4aed-3e60-4ba0-830d-1df6a364a6e5,human,cropped,3.2706,3.5829,3.5442,3.2737,3.135
human_bba4d2d7-5d2b-4e63-9e6a-966903244dfa,human,cropped,3.436,3.5467,3.541,3.2962,3.0629
human_bca5d802-0c89-4096-99ef-ed82dffd980e,human,cropped,4.3033,4.3617,4.3218,4.2676,4.1633
human_bd3efc09-34f4-4aa0-940e-7c5fe31c2671,human,cropped,3.8908,4.3071,4.1274,3.9857,4.086
human_c2ccee89-89f7-4a68-857c-0edb6cdf1e13,human,cropped,3.5164,3.9047,3.7136,3.5352,3.3454
human_c375bcde-6044-461c-ba7a-0e50424f6abf,human,cropped,4.1128,4.3372,4.2449,4.2395,4.1998
human_c7baf4e9-bfa6-4056-bdb0-9f326eb5185c,human,cropped,3.988,4.1368,4.2156,3.9646,3.9031
human_cb70c2f3-0cdd-430f-a3cc-aeb00349b6df,human,cropped,3.2047,3.5384,3.34,3.2402,3.2615
human_cfde9e15-c18d-4036-b28c-8e333f191f7f,human,cropped,3.5122,3.8855,3.6338,3.7752,3.6038
human_d08e1e82-a291-4d07-981d-f2b81ddc6bea,human,cropped,3.3085,3.6474,3.3288,3.2034,3.1652
human_d2553232-8a46-40ff-917c-4ac2ee9958b6,human,cropped,3.6063,3.8025,3.7781,3.53,3.7159
human_d2ec7199-62cb-4d3f-b78d-4f795a7106f6,human,cropped,4.3424,4.4774,4.485,4.2166,4.1715
human_d72a7061-eaf1-42d7-a254-bcb4fb0afb98,human,cropped,3.3444,3.6043,3.5085,3.2781,3.3718
human_d8043ae3-7631-4f56-9f8d-b903ae3b6a7e,human,cropped,4.0448,4.2012,4.1899,3.9833,4.0558
human_d8623a59-38de-4a3e-97c8-e387ff3655c7,human,cropped,3.4127,3.4511,3.393,3.3694,3.1952
human_db5da3d4-2ea1-4ee5-9ef2-180589cf3680,human,cropped,3.929,4.0341,4.0139,3.9507,3.7861
human_def7cfd0-5d63-44cf-a853-3be18c12965d,human,cropped,2.936,3.4567,3.069,3.1853,3.0867
human_e7cfdd36-cfb8-406f-b67a-6b47cacdea25,human,cropped,4.1663,4.3288,4.2334,4.1274,4.1416
human_ec620af8-1b23-4e6a-ba27-15457aedfe18,human,cropped,3.1364,3.5551,3.3696,3.2088,3.0196
human_edc015a4-b877-4cf3-a00d-a6e29d80e033,human,cropped,4.058,4.2869,4.1192,4.0938,3.9863
human_ef08850d-3101-48a0-867d-d4279c9c1f49,human,cropped,4.2678,4.3541,4.2753,4.2767,4.181
human_f1dbbe7d-b043-4eda-becc-ff96acbc05dd,human,cropped,3.8286,4.0356,4.0342,3.9845,3.8681
human_f941e0fc-90cc-4458-a07e-0a67a5a20bdd,human,cropped,3.9171,4.195,4.0329,3.9905,3.6813
human_fb3b8647-4f26-43c0-ac6a-b9c978378d05,human,cropped,3.4412,3.7458,3.6299,3.2726,3.3105
mureka_011931d3-43ee-4a30-962f-06dd770c9cf3,mureka,cropped,3.7271,3.7289,3.7139,3.6506,3.5601
mureka_0253b74f-816d-435d-893a-32f72b90301e,mureka,full,3.5083,3.5999,3.3605,3.3562,3.2447
mureka_02bd1fb3-4288-4388-bf87-956edd671861,mureka,full,3.0212,3.1856,3.0528,2.8926,2.9377
mureka_081ff3ef-5076-44da-ad83-f74f1b61346f,mureka,cropped,2.2181,2.3293,2.1878,2.2368,2.1056
mureka_08637a85-5238-4c99-8535-d7b2a32f220b,mureka,cropped,3.6405,3.7674,3.5762,3.5713,3.3345
mureka_0878c76b-d97e-4964-8277-83c7e6bc1748,mureka,cropped,3.0793,3.2191,3.2081,3.1363,3.0702
mureka_09792c76-4d82-4590-be79-2b0e57115b07,mureka,full,3.7353,3.9715,3.6587,3.6845,3.6642
mureka_0993e67b-4009-414e-b9e7-ad8c4132a197,mureka,full,3.6615,3.8623,3.4156,3.7071,3.3621
mureka_09e4733b-9c86-4d99-851f-9461c5cad736,mureka,cropped,3.7399,3.9927,3.784,3.8334,3.6367
mureka_0f385b15-e85b-4779-a045-bfd8dc3a1da2,mureka,full,4.233,4.3284,4.2949,4.1785,4.0103
mureka_100804ff-401e-45af-9367-942e63ca3cb8,mureka,cropped,3.7129,3.795,3.6631,3.8437,3.6338
mureka_1058071e-4d1b-46e0-b16e-0d7d9c4c77cc,mureka,full,4.3768,4.3846,4.433,4.306,4.2873
mureka_12cf28b8-a705-4072-82ea-38fc7557c6d8,mureka,full,3.1768,3.3345,3.0747,3.1567,2.9652
mureka_13695635-aeae-442f-8eb8-83433608c04a,mureka,cropped,3.6865,3.8883,3.3917,3.6111,3.4203
mureka_155f4528-7625-411d-a960-ee30364acfff,mureka,full,4.1172,4.2609,4.1018,4.021,3.8212
mureka_161c86d1-2864-40d4-a5a1-824b1f39a789,mureka,full,3.3917,3.4471,3.1591,3.3818,3.1541
mureka_172139e1-5a07-440e-9b16-09a0306acc97,mureka,full,3.5357,3.8272,3.557,3.5586,3.4571
mureka_1a31f072-27fb-47e9-a619-00b6a3058893,mureka,full,3.9414,4.182,3.8798,3.8673,3.6075
mureka_1aa29cdf-8b19-4251-bcf2-0610b7b75c8e,mureka,full,3.8682,3.9914,3.9227,3.9701,3.7842
mureka_1ade7656-2764-4cf6-9b0d-b018d5f7462e,mureka,full,4.1026,4.3405,4.2205,4.1386,3.8873
mureka_1c16ecc0-7be0-4a6d-af32-ade161547321,mureka,cropped,3.6409,3.6869,3.5922,3.5974,3.4621
mureka_1cb1202e-27dd-4d3d-895f-6e5aa6092c5b,mureka,full,3.4967,3.6618,3.8286,3.5957,3.4386
mureka_1d47330a-8e67-4dc3-9ae1-135ef8e32157,mureka,full,3.991,4.1945,4.0176,4.0643,3.8516
mureka_20964d85-cd25-4e10-a5c7-85c2191ffc6b,mureka,cropped,3.7725,4.0089,3.7981,3.6681,3.5107
mureka_21f4f7ce-6d67-4ea6-917c-2a5bfe1a2a1d,mureka,cropped,3.4355,3.692,3.3817,3.404,3.4856
mureka_234cc2da-32be-447f-bad6-a9570229673c,mureka,full,3.8028,4.0152,3.9361,3.7879,3.6417
mureka_242d7279-fa7f-4d40-8cbe-8cdf9752e1ee,mureka,full,3.6606,4.0677,3.7876,3.7333,3.6616
mureka_24af80e7-cb4b-4f7f-b5ae-09f0c6936945,mureka,full,2.8422,3.1225,2.6785,3.0131,2.7566
mureka_28c07242-00cc-40dc-85df-b3e70a515587,mureka,full,3.8358,4.1767,3.8848,3.7823,3.5081
mureka_29b4c122-0a62-4cd8-a2f0-81662ed3183f,mureka,cropped,2.9246,3.0173,2.7633,2.8854,2.7884
mureka_2d7a7c31-126b-4f70-babe-a74d30ea2f5a,mureka,full,3.6378,3.9705,3.616,3.5797,3.4237
mureka_2dce6773-8c62-4117-9ed8-63e60a8f1494,mureka,full,4.0767,4.1893,4.0059,3.9265,3.8524
mureka_2e2f8465-05db-4cc0-b472-1ec8f4c26a98,mureka,full,3.6727,3.7256,3.5087,3.5645,3.3952
mureka_2f1a01fc-b35c-4456-b8af-148e5f679202,mureka,full,3.7961,3.9671,3.6809,3.7997,3.6444
mureka_3017a3cb-dbfe-4d5e-b7d7-2ef709b8ca27,mureka,full,3.9332,4.0914,3.9834,3.858,3.7504
mureka_321d19f3-e172-459a-97b4-a496f37a8e7e,mureka,full,3.4612,3.7186,3.532,3.5044,3.4235
mureka_33040448-7603-4551-9e38-964876250f83,mureka,full,4.0716,4.2141,4.0709,3.9214,3.9045
mureka_394366e8-cb8a-4f9e-8755-99ee61574d01,mureka,full,3.3422,3.5989,3.3247,3.3604,3.3762
mureka_41e9eafc-7829-4570-b658-a86d16313786,mureka,full,4.0563,4.2643,4.1199,4.0531,3.9978
mureka_4242badd-a503-40d0-873a-3eb40184fccd,mureka,full,3.0641,3.1179,2.9311,2.8234,2.8943
mureka_42a85bc2-b64c-48eb-b55c-fea207ce52c3,mureka,cropped,3.5926,3.6996,3.5011,3.5212,3.1
mureka_46205943-cbf6-41ee-a9a4-7d570632073a,mureka,full,3.3485,3.7394,3.3572,3.3319,3.2975
mureka_4986b546-6329-4114-82a0-99ddfd12a4f7,mureka,full,3.2832,3.5011,3.3789,3.2822,3.2066
mureka_4c025957-1070-4c85-95be-141c106f3ef2,mureka,full,3.5247,3.821,3.4755,3.6942,3.5615
mureka_53631038-5393-4808-8c83-737310dc22b0,mureka,full,3.3575,3.3899,3.3647,3.1795,3.1119
mureka_5ca16b1f-ed6a-4721-9f68-f93282bb2e4e,mureka,full,3.0351,3.4123,3.2669,3.0192,2.9882
mureka_5ed9317a-531e-4e73-b695-f94326340ca0,mureka,full,3.6822,3.9339,3.6112,3.794,3.6761
mureka_5fe946c6-f621-45a0-8d93-cfc6f11047c2,mureka,full,3.8332,3.8824,3.7256,3.6958,3.7171
mureka_623af694-8ce2-40e9-86af-fb0bf1703a0b,mureka,full,3.8078,4.1161,3.9453,3.8708,3.8557
mureka_6650ddef-3133-4393-8418-3d42e70151e2,mureka,full,2.9547,3.1766,2.8851,2.9638,2.9543
mureka_6a494070-6b09-43b3-8b7e-9b4ed6209396,mureka,full,3.9622,4.2256,4.1316,3.944,3.8428
mureka_6a94afdf-ed8e-45b8-96fc-68b2329e3737,mureka,full,3.1653,3.5551,3.1161,3.1448,3.2212
mureka_6b40ee82-dcd0-4caa-9f26-49f96ed12d8c,mureka,full,4.3188,4.5268,4.458,4.2642,4.2244
mureka_6b441d23-108a-48da-9a8b-5c9eb1996a41,mureka,full,3.8411,3.9181,3.7852,3.8311,3.5179
mureka_6dc9f487-12d5-47c4-911d-a95aa4c095b9,mureka,full,2.9989,3.1011,2.7738,2.8654,2.9331
mureka_6f01e974-2e63-43b9-8a48-aebdcc72cb49,mureka,cropped,3.5426,3.621,3.3868,3.483,3.1974
mureka_6f0346a5-47fc-4577-8532-dfe015cd61e0,mureka,full,4.1882,4.2965,4.2382,4.0738,3.9907
mureka_70762933-6c26-47f8-acd8-8b65b633b0a6,mureka,full,4.1242,4.2678,4.0306,4.1305,3.9607
mureka_73a50b2f-758f-4778-9b2c-80f3f243a775,mureka,full,4.2345,4.409,3.9713,3.9191,3.73
mureka_748c9862-7ec1-4761-bcce-e90588b3cc3b,mureka,full,3.312,3.5999,3.2556,3.3057,3.3639
mureka_75dca759-2241-4dad-af49-84065c0c06b7,mureka,full,3.398,3.5443,3.5276,3.2595,3.2165
mureka_7827881f-f0ec-4847-b038-bb5026442581,mureka,full,3.7491,3.9055,3.6241,3.6618,3.3919
mureka_79ed94d1-4b6f-4d71-9681-705e45b9df5a,mureka,cropped,3.7259,3.8235,3.5657,3.7069,3.6114
mureka_79fedb8b-1a54-43d9-a518-86003ec851fe,mureka,full,3.7106,4.0188,3.7777,3.779,3.8012
mureka_7d829ab7-ff63-4155-a689-1e59f663dc43,mureka,full,3.5103,3.7814,3.6992,3.5117,3.2989
mureka_80f79cd6-2318-44e3-ae04-df6ef09ed420,mureka,full,3.5778,3.924,3.5803,3.7032,3.6666
mureka_8440088a-999b-4121-a329-b045ff368374,mureka,full,4.2186,4.3642,4.217,4.127,4.1131
mureka_8797a0b0-b528-48a0-a2ac-4f806b4da302,mureka,full,3.4985,3.6985,3.5819,3.406,3.2606
mureka_879dfd8b-1793-4d3a-810c-b8ec3c513f9c,mureka,full,3.5026,3.9584,3.8632,3.6248,3.4123
mureka_8888b0fc-7d66-427c-9398-4248f903e338,mureka,cropped,3.4008,3.4215,3.2841,3.2616,3.1103
mureka_8a272ace-f148-48fb-ad2f-39453f97c79b,mureka,full,3.9021,4.1126,3.9952,3.8739,3.7389
mureka_8aa7efde-28bb-462b-aef1-f1455e9c089c,mureka,full,4.1121,4.2117,4.0516,3.9735,3.9478
mureka_8fabcd86-a113-4231-a705-c2d249866363,mureka,cropped,3.7258,3.9264,3.7819,3.6942,3.5176
mureka_92ddfc86-a9a9-4ba6-b4cb-682dfa14466a,mureka,full,2.7342,2.8113,2.5146,2.5558,2.5091
mureka_936e42f2-891e-4b5d-8ae2-1eb930d11fdc,mureka,full,3.5418,3.6881,3.3113,3.3191,3.3671
mureka_94f85b99-1923-40b8-aefa-f2700c2625ee,mureka,full,3.7367,3.8609,3.7096,3.6043,3.5481
mureka_985f4324-9d27-4e58-94fc-a4719b1abe9b,mureka,full,3.4653,3.7606,3.5338,3.4019,3.3823
mureka_98707792-f7b0-4848-9483-258e7a128601,mureka,cropped,3.6308,3.9918,3.794,3.4749,3.4203
mureka_99bfbacc-3c3b-4da4-8bae-4958b26fd33b,mureka,full,3.4458,3.8115,3.6495,3.4977,3.5117
mureka_9a114a9a-45ed-44e0-91c6-e543975577e7,mureka,full,4.0435,4.3623,4.2619,4.0941,3.958
mureka_9d3f7bbf-100d-4777-a1b6-6db51a62116d,mureka,full,3.9184,4.1416,3.9556,4.0097,3.7868
mureka_9de97702-21cf-4d5e-8752-d2129665ec6d,mureka,cropped,3.6072,3.6853,3.7161,3.5907,3.5072
mureka_9e260dac-0ac6-4d7b-871f-7a27a65e13f1,mureka,full,2.8771,2.8034,2.8207,2.6039,2.7283
mureka_9fd021b7-6f06-432f-a286-bec8a894e730,mureka,full,3.6877,3.7376,3.7312,3.6926,3.4812
mureka_a6bb8d46-9c42-46cc-9a2a-0ab1b6d328dd,mureka,full,4.2906,4.5067,4.3364,4.4035,4.2527
mureka_a707ecba-9b59-4c5d-833d-27a8acb0ad26,mureka,full,3.7248,3.9422,3.5669,3.7892,3.662
mureka_aa25baad-3365-4483-a80c-1becfbada63f,mureka,full,3.9461,4.2311,4.1245,3.9117,3.7756
mureka_ab839409-d1dd-4df8-9e37-8b50391cd941,mureka,cropped,3.2278,3.6803,3.2249,3.3645,3.4425
mureka_b17eb731-7a85-41e0-bdf8-1cb403c0789b,mureka,full,3.493,3.623,3.1867,3.342,3.0664
mureka_b47792d0-c176-430c-8db6-90d1387e4222,mureka,full,3.8468,4.1084,3.9173,3.81,3.6809
mureka_b4de0e74-7b2f-484d-8e5c-be9670f75526,mureka,full,3.6964,3.9938,3.7005,3.7225,3.5779
mureka_b88e55e0-26ce-4f5b-bab7-8418e547b998,mureka,cropped,2.6264,2.6147,2.436,2.4556,2.4252
mureka_bc283c80-485e-4cd8-ad57-d25e9521d86e,mureka,full,4.0853,4.3419,4.3341,4.0095,3.9314
mureka_bcf7149f-4f79-4282-9e48-1689eb44fecd,mureka,full,3.1754,3.4758,2.8499,3.1978,3.0025
mureka_bd2b8515-9ada-4591-a54a-6d49d5b4b69a,mureka,full,2.896,3.1972,2.7471,2.8695,2.7444
mureka_befc0fb7-d8fc-4e91-9e11-91f2c142233b,mureka,full,3.0304,3.1708,2.7341,3.052,2.875
mureka_bf3d7391-37f1-4f24-bc07-af95fb81794c,mureka,cropped,3.3518,3.3232,3.0962,3.1952,2.9901
mureka_bf9c0561-bc78-4a96-b6e2-226ed59cb81e,mureka,full,3.8998,4.0051,3.9466,3.6677,3.806
mureka_c00ccb00-8482-4e79-9c54-fefd5f406b9e,mureka,full,3.8462,3.9607,3.8214,3.9723,3.7418
mureka_c14d75de-1864-473c-92a4-2e4d69700e8c,mureka,full,3.5015,3.7128,3.5415,3.4505,3.2619
mureka_c1635935-1264-4383-bd21-c099945d30d0,mureka,full,3.2644,3.4253,3.3891,3.2712,3.1945
mureka_c2e1be58-d476-4c4d-bfbd-cf7df16c54f3,mureka,full,3.5851,3.8669,3.4769,3.5361,3.4713
mureka_c822e016-752d-483e-beb1-440e87792e3e,mureka,full,3.4999,3.6928,3.6128,3.621,3.4557
mureka_ca450fbe-be99-4364-9440-b3382837f70f,mureka,full,3.8463,4.0419,3.8873,3.8302,3.6474
mureka_cceae30c-7c21-4e25-a992-3e6223ad6109,mureka,full,4.2793,4.3999,4.2888,4.3472,4.1537
mureka_cecd789f-64e9-4a26-818c-b1e571ad1e93,mureka,cropped,3.6403,3.7369,3.6283,3.7523,3.5388
mureka_cf1f2a84-06d1-4733-957c-57e183ac5c3b,mureka,full,3.5167,3.8383,3.7818,3.6256,3.5309
mureka_cf9d3b4b-2307-4839-99bd-ac1a317a254d,mureka,full,3.6973,3.9249,3.8286,3.6678,3.6033
mureka_d2587a6e-a6ae-4a4d-b526-730a33dfef19,mureka,full,3.7343,3.9242,3.6513,3.846,3.6534
mureka_d3401063-f652-45e0-889a-29ea8937ebff,mureka,full,3.8908,4.1916,3.941,4.0076,3.8517
mureka_d6ac69be-e141-4876-9247-320ae07a5ecf,mureka,full,3.8756,3.9339,3.5783,3.6896,3.6313
mureka_d95add86-f048-4708-8a39-6f5867a0daf1,mureka,full,3.9932,4.1201,3.8515,3.9929,3.8488
mureka_dacdadb7-80a5-4dea-b857-400d6c9b43b8,mureka,cropped,3.0473,3.2154,3.1732,2.9553,2.8221
mureka_ddd2c4aa-34c9-4d03-8460-6a27055e7419,mureka,full,3.7721,3.905,3.653,3.8402,3.6044
mureka_debfd967-9c75-48fa-8f9c-6f1e8946b715,mureka,cropped,3.2321,3.3986,3.2697,3.1635,3.2028
mureka_e0c357aa-384e-4c3c-b9c7-376f4947210e,mureka,cropped,2.9249,3.1846,2.9048,3.0031,2.6958
mureka_e23e59ed-5337-456f-97c8-d05ef0fff384,mureka,full,3.8044,4.174,4.1166,3.8298,3.7235
mureka_e422a58f-7f2c-4033-b3f6-0ed348e54963,mureka,full,3.6668,3.7331,3.5908,3.5475,3.5041
mureka_e80dabe4-08ef-4613-882b-bef2ce915a73,mureka,full,4.0689,4.1144,4.0552,4.06,3.8464
mureka_e8be8c51-e56f-4d3b-9923-58019bbe1cb6,mureka,full,3.3422,3.5278,3.2914,3.2808,3.1859
mureka_e8e60a33-1fc0-496e-a391-bbd7c34b9f4a,mureka,cropped,2.8778,3.0573,2.9326,2.8267,2.6875
mureka_eae0e298-5403-41f7-a78b-22b93d849443,mureka,full,4.1995,4.2862,4.2033,4.1409,3.9814
mureka_f25a67be-6876-4917-b9d2-12906971beaf,mureka,full,3.9918,4.3369,3.8501,4.0518,3.8308
mureka_f648f785-f889-4e0c-86c4-de2d0d7746a7,mureka,full,3.4552,3.6944,3.4022,3.3562,3.3389
mureka_f6e269b4-9476-41b8-be71-38d33e17714e,mureka,full,3.7011,3.8445,3.6368,3.6677,3.6464
mureka_f9ef4e54-1fbd-4c90-9070-d5ba8cf7a80f,mureka,cropped,3.3044,3.4087,3.2684,3.4083,3.2987
mureka_fbee04eb-9d21-4629-b33d-8325c91be468,mureka,cropped,2.7023,2.8271,2.6247,2.5804,2.6521
mureka_fcfe979b-27d2-4bb9-be17-63b129d078d6,mureka,cropped,4.0887,4.2039,4.0918,4.0124,3.7347
mureka_fd4abec8-1438-419b-8a47-f0d754fca68f,mureka,full,2.9687,3.1773,3.1094,3.0096,2.7872
sonauto_056d7bf2-4d55-4f0b-88fa-80be765fb727,sonauto,cropped,4.2886,4.4266,4.4438,4.2591,4.1013
sonauto_09e4c296-4d80-4b05-b951-940c016ea490,sonauto,full,4.0854,4.2303,4.1093,4.073,3.8781
sonauto_0b350d05-ee3b-4985-9640-9431d49899dc,sonauto,cropped,3.7256,3.8265,3.6247,3.6167,3.5686
sonauto_0b42c2be-6c5b-4b43-8139-0281cdc7ca02,sonauto,full,3.3507,3.3598,3.4284,3.163,3.197
sonauto_0c8da60d-46bb-4a7b-a4c7-fde859096d5d,sonauto,cropped,2.9866,3.2886,3.0605,2.8948,2.8935
sonauto_115dad4b-ed5e-482c-b8de-af059f20eee1,sonauto,full,2.6,3.0163,2.616,2.7879,2.5448
sonauto_134c4e98-3162-42cb-aa2c-3324c13cd4bd,sonauto,full,3.3628,3.6063,3.4184,3.3097,3.2693
sonauto_1470c7a9-3bb4-46db-9fe7-715e7585ee9b,sonauto,full,3.6967,4.0482,3.9928,3.8556,3.8225
sonauto_14bc746e-e508-4c1b-840f-bfe475e28bda,sonauto,full,4.1033,4.3845,4.1367,4.1759,4.0269
sonauto_1624df44-475b-44a6-8a43-d17d93b058a2,sonauto,full,3.1038,3.4887,3.0572,2.9322,2.8363
sonauto_1ac618a0-078d-4b5f-8fc1-4e5817a0cef9,sonauto,cropped,2.9394,3.2749,3.13,2.9539,2.9327
sonauto_1b34ba0f-d9e1-461d-9dd8-cd6d6b433966,sonauto,full,3.4745,3.7476,3.5626,3.3405,3.3332
sonauto_1c04fdd3-bd6b-4b97-87f6-e38a07831802,sonauto,full,3.3474,3.6904,3.4918,3.4786,3.2752
sonauto_2017d07e-221b-4241-b6a6-6632081b152b,sonauto,cropped,3.2873,3.5079,3.257,3.237,3.1069
sonauto_215c24cb-3124-4ea7-b056-dd0db349c857,sonauto,full,4.309,4.4941,4.3445,4.3794,4.3173
sonauto_27b74f1d-8930-423d-a5c8-302ac55b8fdd,sonauto,cropped,4.0244,4.2821,4.1856,3.9942,3.8768
sonauto_27fcbf36-f573-40f9-b9a4-02c33f7fdcc6,sonauto,full,3.9672,4.0226,4.0449,3.8415,3.6918
sonauto_2927cf9e-4d34-4434-b13d-3667afec7d84,sonauto,full,3.8146,4.0691,3.9313,3.8168,3.7094
sonauto_29ebe67a-6b80-4b7f-b611-a4e905817919,sonauto,full,3.8298,4.0854,3.9918,3.881,3.7908
sonauto_2a00fc35-82bd-4716-b327-4f4b6367cbb5,sonauto,full,4.2156,4.3717,4.2243,4.1234,4.0499
sonauto_2b9805ad-faa3-4e01-8338-234fa454619b,sonauto,full,3.6045,3.9535,3.8457,3.6708,3.6476
sonauto_2bd89fb2-74f2-441d-8543-ba2d9ea52f5d,sonauto,full,3.0617,3.5062,3.3802,3.1211,3.113
sonauto_2d7482f3-cf56-4e7c-8adf-9fce8b3dc8af,sonauto,full,4.3658,4.481,4.2912,4.3106,4.1251
sonauto_2f6ce595-163e-4e75-a8ae-ac3024f476c8,sonauto,full,1.7672,1.5902,1.3994,1.3932,1.4947
sonauto_3432adb8-b3f5-450f-a79e-a7ac8e5c5387,sonauto,full,3.6147,3.965,3.797,3.6497,3.5856
sonauto_37834863-5026-4708-b15c-90c130acde98,sonauto,full,4.0422,4.2895,4.26,3.9749,3.9839
sonauto_380b5300-36f7-47d0-995a-ad28134d7dcc,sonauto,full,2.9277,3.0739,2.9704,2.8947,2.73
sonauto_382f815b-7771-4591-811b-fb1f70a9f726,sonauto,cropped,3.7405,4.0184,3.8001,3.7108,3.4049
sonauto_3bb2f0fe-734f-48c2-8417-8e77db08d5d5,sonauto,full,3.8095,3.8787,3.8933,3.6156,3.7302
sonauto_3cbc67fc-f9ac-4acf-b7a6-25888292b0c3,sonauto,full,3.1839,3.4819,3.2627,3.2454,3.1766
sonauto_3d0ed3cc-0d41-4577-b131-59dffa9b3de8,sonauto,cropped,2.6476,2.9395,2.727,2.6188,2.6629
sonauto_3d178ce8-aec1-4462-a004-0dcce8efc669,sonauto,full,2.43,2.1383,2.095,2.0643,1.9092
sonauto_407e337b-9ec8-42c1-9e1c-f0781f47a24b,sonauto,full,1.3252,1.3084,1.2218,1.2069,1.2389
sonauto_4543de1b-e942-4664-ad23-b3914c0c0890,sonauto,full,3.5709,3.7663,3.708,3.4799,3.3861
sonauto_45e3f1d3-7283-4e76-ac18-9c2e494582c4,sonauto,full,3.1971,3.5473,3.3581,3.4043,3.1527
sonauto_48fcf099-68bc-45cd-81f4-ea6eabf98ac0,sonauto,full,3.8946,3.9529,3.9733,3.7839,3.5885
sonauto_4b48d89d-c256-4506-97ce-70f037db4177,sonauto,cropped,2.984,3.2164,3.1164,2.9854,2.7632
sonauto_4cfa339a-4243-425e-8a31-2db0a93c9a95,sonauto,cropped,3.8797,3.9827,3.9004,3.6966,3.6417
sonauto_4d20e479-b1e1-44b5-b4e8-8df50d24f824,sonauto,full,3.9653,4.0884,3.8859,3.9762,3.7769
sonauto_4de04b55-b004-40b0-b05c-df6c07ee0814,sonauto,full,3.0811,3.3793,3.3901,3.1654,3.1258
sonauto_50c28f25-d83e-4bdb-b3ac-15571f947338,sonauto,full,3.9182,4.0675,4.0429,3.9323,3.9128
sonauto_51579dcb-caf6-49e4-bfbd-d5f4c82759a8,sonauto,full,4.1545,4.3802,4.2206,4.1842,4.0236
sonauto_515f503d-142a-49aa-84b4-22ef528dfbad,sonauto,full,4.2471,4.4396,4.353,4.305,4.2298
sonauto_5478a20a-5e10-4d16-b9cd-ad439de63286,sonauto,full,3.9402,4.1905,3.9502,3.9632,3.8347
sonauto_59d3a8a8-b3f0-4a95-ac63-ee8898bcefcb,sonauto,full,2.2334,2.6857,2.402,2.346,2.3605
sonauto_5b91be18-182e-4f46-87ac-ef4fac308e58,sonauto,full,3.8144,4.1523,3.9861,3.9979,3.9088
sonauto_5c8af0ed-fcf2-4561-9167-5961fa88980e,sonauto,full,3.1997,3.5062,3.2279,3.1776,3.052
sonauto_627c3f01-8cd5-40eb-8421-a8215fdccb40,sonauto,full,3.1908,3.386,3.2111,3.0846,3.1007
sonauto_651dd80b-cbcc-4165-b50d-7d0cd1e414d9,sonauto,full,4.3204,4.4805,4.3451,4.3405,4.2937
sonauto_682e3c45-ea23-42f1-8763-f2a6417f3362,sonauto,full,4.3491,4.5001,4.4719,4.3246,4.2888
sonauto_69db8efa-820f-4d70-9de3-083e6d976e17,sonauto,full,3.2433,3.5812,3.2374,3.2102,3.1944
sonauto_6ac94616-c49d-4990-a225-349767218f53,sonauto,full,3.2149,3.5685,3.1739,3.2419,3.3191
sonauto_6b2e00f7-cd9b-4ed4-bfb4-04d89cf1fe7f,sonauto,full,4.1799,4.2624,4.1702,4.0283,3.939
sonauto_6cc00238-e6b3-42ab-af0c-5c7b4184fe23,sonauto,cropped,1.5213,1.5033,1.4091,1.4243,1.441
sonauto_6e018c4b-97c1-484d-9acd-4f3acdd5a8a1,sonauto,full,2.8825,3.0928,2.9421,3.0624,2.7268
sonauto_71281fa5-8db8-450c-a4a7-b35209f3992e,sonauto,full,2.4512,3.0251,2.5723,2.4121,2.3944
sonauto_723957e4-b220-4c55-a833-a4842aa00f62,sonauto,full,2.9601,3.3245,3.0253,3.1792,2.9987
sonauto_740c7d51-7e69-48bb-b35b-48a3101407e1,sonauto,full,3.9465,4.1498,4.1132,3.893,3.6692
sonauto_74be7dc6-eaad-4522-b8b4-14ca1512b1b6,sonauto,full,4.1147,4.3444,4.1679,4.1998,3.9114
sonauto_78c2ded1-4a9b-4d67-80f3-de80fd568140,sonauto,full,2.9443,3.2447,3.0967,2.9345,3.0613
sonauto_7c82ffd9-f571-42f1-a394-04b961a198bd,sonauto,cropped,4.0174,4.1538,4.0068,3.9929,3.8176
sonauto_7ce13423-29b4-4376-8981-98dd231ad456,sonauto,full,3.0709,3.1598,3.0036,2.8378,2.8268
sonauto_7d839a28-379c-4784-8e86-254df13478c2,sonauto,full,3.7197,3.9264,3.701,3.5965,3.6295
sonauto_7ed3cafa-5c36-41c5-90d5-9034d4f6be33,sonauto,full,3.3879,3.6171,3.5026,3.4687,3.3904
sonauto_829f7fbd-0066-4900-a484-681037bfc92c,sonauto,full,3.5531,3.8913,3.5557,3.5163,3.5095
sonauto_82bb5c66-99c6-4f5c-9026-c879e4e53d71,sonauto,full,3.7818,3.9877,3.8662,3.6727,3.5983
sonauto_82ff4632-7349-406d-9bf3-1d3b1e0fa113,sonauto,cropped,3.2108,3.7268,3.2786,3.1262,3.1849
sonauto_84133bca-1f84-4acc-ab64-a72b9d16ab5a,sonauto,cropped,3.4971,3.5671,3.5512,3.4167,3.4396
sonauto_8517da19-db16-4d23-9801-4d2063a35604,sonauto,full,3.3347,3.5488,3.3853,3.2148,3.0706
sonauto_87d15498-1c99-4e44-a608-f98e8e6d0d4e,sonauto,full,2.7124,2.8143,2.5246,2.5359,2.3089
sonauto_8c6d4dfc-b0ad-40e8-9b8a-8fc8b5812c4e,sonauto,full,3.2997,3.4516,3.4939,3.2802,3.2113
sonauto_8c9f764e-64cc-4785-85fd-cdabe17894ff,sonauto,full,3.8205,3.9253,3.8711,3.6184,3.5535
sonauto_8e2ea1bd-bc8b-4e42-9bcf-5d1e5499ffd5,sonauto,full,2.6166,2.82,2.4581,2.2349,2.5332
sonauto_9df3032f-d9ce-4795-bdeb-ede2fcff5d9a,sonauto,cropped,3.7807,3.985,3.87,3.6021,3.4894
sonauto_a2d1a203-2e7c-4fdc-af10-cc2ff08b46cc,sonauto,cropped,3.5493,3.8868,3.7026,3.5238,3.4949
sonauto_a371b42b-efbd-42ac-a0bf-fcfe4a29f1a8,sonauto,full,4.1961,4.4291,4.3572,4.1927,4.1488
sonauto_a4442166-d41c-42c7-ad0a-28ce7ea2d42e,sonauto,full,3.1268,3.3351,3.1475,3.0585,2.8077
sonauto_a464f1ca-a8e3-434f-bd0b-0cb86c175dd0,sonauto,full,3.4648,3.8294,3.6994,3.3714,3.3528
sonauto_a63ac5c0-2898-453e-a7fe-a0a118c75441,sonauto,full,3.9009,3.9385,3.9615,3.7376,3.5635
sonauto_af7f34b8-aa88-4cbe-ac52-9d13882e03ac,sonauto,cropped,3.746,3.9287,3.9553,3.686,3.5878
sonauto_b0a386de-802a-4082-9e0b-a20ad939e278,sonauto,full,3.9775,4.1642,4.0291,3.8832,3.9351
sonauto_b5feb841-a17d-4630-a4ab-6b7930deab0a,sonauto,full,3.3015,3.7307,3.5663,3.3926,3.233
sonauto_b6f219e6-e290-4e72-aa96-e330e833c85c,sonauto,full,3.0239,3.2267,3.013,3.0269,2.9004
sonauto_b7b97635-4be7-4eb1-b35f-36fe674a180d,sonauto,full,3.5517,3.7774,3.7645,3.6487,3.3657
sonauto_bbf04618-f9ee-4ace-88c0-bee03c36a2f2,sonauto,full,3.914,4.0573,4.1462,3.8938,3.9285
sonauto_bd0d0326-138a-415d-b564-37322e3132c6,sonauto,cropped,2.4654,2.7906,2.3974,2.3836,2.5209
sonauto_c211e32c-a1b4-4017-acdf-32a32fb62ae4,sonauto,full,3.6077,3.8732,3.7036,3.5654,3.5166
sonauto_c5c93d94-8709-4153-a8cb-ed8fdec8f55b,sonauto,cropped,2.6923,2.9646,2.6702,2.6618,2.6384
sonauto_c85c22f1-c044-44d3-a16d-a1af1b52e905,sonauto,full,3.9555,4.1504,4.0839,4.0043,3.8409
sonauto_c9b2250a-b431-470d-9cb4-bec5eb0f9e2d,sonauto,full,3.9894,4.2119,4.1831,3.8454,3.8403
sonauto_cb96b176-6fdf-4edd-8261-f72a678520a3,sonauto,full,3.8125,4.0933,4.0387,3.9714,3.754
sonauto_cc27a6b9-dc71-4d56-9b8f-983a18ac06bc,sonauto,full,3.4691,3.7128,3.6742,3.3524,3.4948
sonauto_ce199ea6-a2b8-4ff0-9d4f-9aa43eed644d,sonauto,full,3.8127,3.9784,3.8452,3.7676,3.6698
sonauto_ce59f7ba-67e2-4592-a6f9-c5f9d5ac4d7e,sonauto,full,3.9435,4.0937,4.0873,3.6802,3.7067
sonauto_ce741575-07bb-41ee-97b5-e0ae0a22af7f,sonauto,full,3.1837,3.6133,3.2956,3.1297,3.2919
sonauto_ceff306a-55e2-42ee-9068-b0d2ce1d8ccc,sonauto,full,3.4501,3.5643,3.285,3.3665,3.2161
sonauto_cf04c05e-dc8f-47d1-a5cf-11f425f39f3f,sonauto,full,3.314,3.7157,3.4269,3.2778,3.3522
sonauto_d3ca2b09-1ff7-458f-b9a4-dd1c4375683f,sonauto,full,3.6104,3.9316,3.7683,3.6083,3.5425
sonauto_d6339f0b-283b-45c6-bee5-15ecc55cc045,sonauto,full,2.6016,2.8719,2.6174,2.4997,2.5657
sonauto_d72669c6-def2-4abc-8b5f-ef9397448975,sonauto,full,2.9525,3.372,3.1022,3.0308,2.8754
sonauto_d91842cb-da59-4302-a4b5-829039451ae7,sonauto,full,3.108,3.3111,3.2145,3.0973,2.8527
sonauto_d926d923-f2de-4f52-9271-f41735c92dd9,sonauto,full,3.0473,3.5067,3.2007,3.1403,3.0362
sonauto_d9979f8c-f512-4406-ac3a-78e79622d71d,sonauto,full,3.7215,3.7539,3.8443,3.5855,3.4266
sonauto_dcef8efb-aa49-4001-a1ca-09bb051acdeb,sonauto,full,4.2174,4.2381,4.0994,4.0133,3.9327
sonauto_de475fe7-059a-4544-8a63-8fe7250eae73,sonauto,full,2.5541,3.1355,2.6483,2.7825,2.6732
sonauto_e167ec83-38e7-4838-aad2-a8347e6c9c5d,sonauto,full,3.3016,3.7252,3.5316,3.3615,3.4183
sonauto_e3fda1d2-54f7-4c68-8b57-3a71f1f9473a,sonauto,cropped,4.0049,4.1298,4.0471,3.8518,3.8691
sonauto_e708fa92-dc8f-4789-9f1b-bdf1062ad2d1,sonauto,full,2.5459,2.8402,2.2992,2.3764,2.3744
sonauto_ee74a7ae-7419-4434-8947-e12f3abece2b,sonauto,full,2.7128,3.3162,2.8792,2.8424,2.7932
sonauto_f06cc0b5-2dc0-4772-a708-3eba1ff0a4f5,sonauto,full,2.8268,3.1993,2.7613,2.6034,2.5214
sonauto_f107894d-dd3e-4896-a1d7-2cff1e10ecee,sonauto,full,3.6667,3.9266,3.8515,3.5392,3.4881
sonauto_f29e853f-3e2f-44e8-9c32-bc2c5e2cceeb,sonauto,full,3.6482,3.8515,3.8498,3.7205,3.5525
sonauto_f34c09cf-8646-41c7-95a7-39664f9b8c51,sonauto,full,2.1018,2.2649,2.0605,2.0945,2.1437
sonauto_f3676465-7d32-4e44-8a71-c9e29835cebd,sonauto,full,4.0207,4.2444,4.1247,4.0253,3.9984
sonauto_f5b31fde-9947-4828-88bf-05e058820744,sonauto,full,3.8253,3.9861,3.9111,3.7059,3.6988
sonauto_f68607c9-827e-4614-a540-6ff224c54eba,sonauto,cropped,3.6241,3.5969,3.5034,3.5799,3.474
sonauto_f858fbb8-0beb-495e-98e2-3593e24227d7,sonauto,full,3.9764,4.1588,4.0426,3.992,3.9723
sonauto_f873d7d4-46d2-4c30-acab-edbafafb7ec2,sonauto,full,3.3666,3.6,3.4451,3.1551,3.2809
sonauto_f918360c-6fda-462c-afdc-8b943f01817f,sonauto,full,3.4331,3.8454,3.6717,3.557,3.4268
sonauto_fc0955da-48db-4e14-ab82-f78c82ee70b0,sonauto,full,3.8106,4.0352,3.7941,3.858,3.7252
sonauto_fc2bc575-ca9b-45ec-9bc8-59798eae47fb,sonauto,full,3.6228,3.8282,3.7087,3.661,3.4859
sonauto_ff552783-86ef-428f-b8b6-383f2395b78b,sonauto,full,3.0602,3.2693,3.3209,3.0443,3.0295
suno_00e212c1-87ad-4508-a27c-8065a166f04d,suno,full,4.1223,4.3036,4.2612,4.0487,3.9676
suno_02677d21-bd40-4ddb-98ec-910dbb06bd5d,suno,full,2.8558,3.1014,3.1048,3.0229,2.8287
suno_03276154-8999-4791-a938-6437b9190000,suno,full,4.153,4.4124,4.3301,4.2358,4.1077
suno_03b8bc93-111e-47a5-b28f-1b9d46bd388a,suno,cropped,3.5284,3.6718,3.5163,3.471,3.1847
suno_0532c2a3-9316-4d66-82fc-eef983e2ecae,suno,full,3.6693,4.0806,3.7156,3.8123,3.728
suno_06a126f5-b9f1-4e2d-a6e9-954144cc12a7,suno,full,3.636,3.6415,3.4864,3.3006,3.3676
suno_08a2a0f0-863c-4f05-8094-794c52df942c,suno,full,3.7803,4.0475,4.0112,3.6631,3.6413
suno_09267201-4a96-431d-9260-0c6ee891339d,suno,full,3.7432,4.1617,3.8535,3.714,3.7239
suno_096b791e-61d1-48db-95c0-dce63b4b74c7,suno,full,4.3798,4.5687,4.5036,4.3532,4.2104
suno_09ce2fdb-5252-41e7-b7d2-f489a7fa1089,suno,cropped,2.918,3.1509,3.1095,2.9342,2.896
suno_0ddb04e3-dbf2-402f-9044-ddb0db98cc67,suno,full,3.3089,3.7629,3.3695,3.4682,3.3709
suno_10689fdc-12af-49ba-a581-692e50e7ff17,suno,cropped,2.7551,2.8944,2.754,2.5311,2.4701
suno_1120719b-a905-4e13-80ba-93e13a196df9,suno,full,4.023,4.3385,4.2456,4.0314,3.9655
suno_13ac0aa5-07ab-40a5-b610-21ddb1524d83,suno,full,4.438,4.6692,4.6136,4.4684,4.4661
suno_148551e8-fcf0-4736-8c21-7f956665c065,suno,full,4.3345,4.53,4.4099,4.351,4.1842
suno_1783c864-18fb-440f-bc51-15701a19e4b5,suno,full,2.8031,3.2745,2.8996,2.8061,2.9799
suno_1786c0bd-d8e5-4713-801d-706f5e1ef153,suno,full,4.0489,4.1439,4.1752,4.0968,4.0734
suno_1a042042-b5d5-43e3-8b50-965d1ec0e303,suno,full,4.3057,4.3573,4.4011,4.1926,3.978
suno_1b30d18b-9bc6-4d28-86f2-8eb2ae9d4534,suno,full,4.5218,4.7158,4.6125,4.5688,4.5083
suno_21fe854c-2c26-4a94-96f5-a26daf4301bf,suno,full,4.5236,4.6448,4.6346,4.4935,4.4586
suno_2205950f-3e78-4253-8e57-864117f1d6f0,suno,full,3.498,3.9486,3.6557,3.6059,3.4914
suno_23bc6b66-a154-4694-865b-feb00796bcfd,suno,full,3.4183,3.8275,3.501,3.1467,3.159
suno_25188f55-b8a5-4815-95f9-76732c8d207d,suno,cropped,3.5933,3.9533,3.8042,3.69,3.5092
suno_2655b474-ea9c-4f25-a99b-2659b1b18a25,suno,full,3.5457,3.9864,3.8988,3.5283,3.4426
suno_29d8aab5-8893-4ba3-bcfb-2c3b4c0dc389,suno,cropped,2.9248,3.1743,2.9355,2.8526,2.5906
suno_2e44d2d8-acae-41c3-9a9e-f469478186b8,suno,full,4.5365,4.6222,4.5298,4.4592,4.3199
suno_334f061e-ffe3-4aad-a2ce-09ff1ac217eb,suno,full,3.5091,3.8142,3.8308,3.5841,3.6132
suno_3a85c7e8-e001-4319-ac0c-93b95c69bc88,suno,full,4.2298,4.3755,4.1791,4.1304,4.0996
suno_3c246145-5ed8-4f0d-995b-711e554229d7,suno,full,4.2923,4.5283,4.3202,4.3454,4.253
suno_3df981a9-e176-4927-9695-3c04c5c41b95,suno,full,4.2414,4.5089,4.3741,4.2091,4.1398
suno_401be958-76c4-454f-a048-68579bc38c5f,suno,full,3.1157,3.3889,2.9107,3.1797,2.958
suno_4391593d-0e1d-4698-8835-2b00188e6a69,suno,cropped,2.901,3.0874,2.5232,2.7254,2.806
suno_43a5a24c-e26e-4843-b7ae-6ad7b695a610,suno,full,4.3985,4.4395,4.4452,4.2659,4.1919
suno_468d9eb4-a4f5-4777-950a-7f30e55b9154,suno,full,4.0162,4.0452,4.019,3.9994,3.778
suno_4a0c77ef-00f4-4637-bc2c-36a1c4ecc97b,suno,full,3.2755,3.689,3.4222,3.46,3.3452
suno_5029d7e1-5cdf-4868-965c-fd2318815867,suno,full,4.5955,4.7245,4.6678,4.5972,4.4379
suno_524dd0c0-c4e3-4c94-9968-aaa7c93c6fbc,suno,full,3.5422,3.9373,3.6545,3.5715,3.5458
suno_5341eaf9-1c75-4f10-9181-f8d80ffb5aca,suno,full,4.3198,4.5189,4.395,4.3033,4.0513
suno_545e9df0-5543-41c8-8209-6a86a97518cf,suno,full,4.4006,4.6038,4.5443,4.5043,4.3683
suno_5acff6d2-ec21-4a67-ae15-37ce8192c27f,suno,full,3.587,3.9985,3.8205,3.7514,3.522
suno_6004fce0-0115-4fa7-b0c5-6ba50117d053,suno,full,2.9754,3.3044,3.1138,2.8482,3.0451
suno_61af6c62-22c8-4acc-9ff5-5d50d675cad6,suno,full,2.7275,2.9857,2.5547,2.679,2.5117
suno_63ea6eda-f68d-49e8-9170-d1e943b55752,suno,full,3.8925,4.2218,3.9453,3.9456,3.7241
suno_662546f8-9623-4623-be8f-10b287985ec4,suno,full,4.1422,4.3766,4.2304,4.0965,4.0103
suno_6870ffad-e286-4dd5-9548-d7db37043105,suno,full,4.2879,4.399,4.3144,4.2299,4.2176
suno_687d7b5b-9f6e-41d5-8b22-fe8cb3ed0f56,suno,full,4.5804,4.7113,4.6291,4.5466,4.4752
suno_68c45d52-e2c9-43c6-896e-58ac2d8beae5,suno,full,3.7336,4.0712,4.0652,3.878,3.8432
suno_6b46ad43-da7d-4f65-8cfb-8352458f4e45,suno,full,3.9563,4.2365,4.029,3.9739,4.0578
suno_6d06e057-15a4-4897-81eb-b160cb1ab063,suno,full,3.8466,4.0585,3.9385,3.8986,3.8046
suno_6d31c679-06cf-498d-b34b-0d2f57b305da,suno,cropped,3.868,4.0552,4.0514,3.9002,3.8101
suno_6da3d88e-8eb4-4d63-a8a4-7dd51ddaa8b7,suno,full,2.9283,3.2471,3.033,2.9239,2.8102
suno_70dec259-aa01-4880-8fae-76bbd4c8df8c,suno,cropped,4.1025,4.3399,4.1098,3.9674,3.7946
suno_721b7d16-3f33-41fe-8eee-dfc4a41cade5,suno,full,4.0918,4.3231,4.0736,4.0556,3.9862
suno_729598f9-d69f-4053-8e98-cebac9ee29e0,suno,cropped,4.2233,4.3754,4.3392,4.1539,3.9003
suno_73431ae3-14ca-4330-b850-66afde76fb67,suno,full,4.2394,4.5271,4.3854,4.2598,4.1516
suno_7374ad30-05a8-401a-9863-f2d928516e58,suno,full,2.8378,3.2164,3.2041,2.9913,3.0021
suno_757a8be0-2d5d-435a-b4fb-2728fb17b459,suno,full,3.8887,4.0617,3.8007,3.8777,3.6036
suno_78d5db29-5691-4241-820e-3cff9706310f,suno,full,4.3337,4.4847,4.4048,4.3614,4.3122
suno_79471cb6-907f-488a-affd-a984c18f3028,suno,full,2.8098,2.8359,2.6184,2.7084,2.4826
suno_7a44611a-bf54-4937-8156-b340ae931def,suno,full,4.228,4.4431,4.3001,4.2482,4.0604
suno_7c06f924-6c63-4900-9cfb-7590442cda47,suno,full,4.1708,4.3056,4.1967,3.9932,3.9198
suno_7c6d68ba-2c0b-4c70-8ba0-7c27885157dc,suno,full,4.149,4.3778,4.2662,4.0772,4.1919
suno_80afd5e9-a7ac-446c-a9b2-ed5e492335f7,suno,cropped,3.7384,3.9883,4.0783,3.8032,3.5698
suno_813d6c02-3123-4731-9913-58dc6d2d3da6,suno,full,3.8489,4.0892,4.0443,3.902,3.7928
suno_82815282-fe11-4294-8479-7f85d3749818,suno,full,2.9584,3.1518,3.0519,2.8248,2.7092
suno_82c4091e-c092-48d4-b279-c4a01db5e8a4,suno,cropped,3.0901,3.3299,3.2411,3.194,3.1502
suno_849ae9bf-c3cb-4627-91d6-108483036035,suno,full,4.4062,4.6252,4.5385,4.3207,4.195
suno_87b138c5-137c-4031-9a1c-be950f88e892,suno,full,3.5626,3.7485,3.5191,3.4056,3.4099
suno_8aa1c55b-5014-42e1-9079-098c07f64bb5,suno,full,4.66,4.7623,4.6796,4.6279,4.4933
suno_8d138555-9bbd-4f78-b079-123d5952e29e,suno,full,4.175,4.4707,4.3558,4.2688,4.046
suno_8dc2c1f3-213d-4503-84e2-65216085cc9a,suno,full,2.8738,2.9851,2.6609,2.7118,2.5382
suno_8f0c098f-321c-4f47-a4a6-21e4116d6483,suno,full,3.0524,3.6366,3.4687,3.1693,3.1605
suno_8fc96b04-9dcf-4d55-b0c2-d464607dd21e,suno,cropped,4.0984,4.3115,4.1178,4.0346,4.0
suno_90777b2e-4475-4b52-a26b-e10efb6fcc00,suno,cropped,3.4473,3.4763,3.3065,3.2604,3.1913
suno_90f7405a-956e-4eae-a581-a96da8d988c3,suno,full,4.3604,4.588,4.4004,4.3423,4.2895
suno_9571e55d-1660-4f47-b5a1-a48f4a19ea5f,suno,full,4.1155,4.3734,4.236,4.1217,4.1335
suno_96a5c913-7990-49f5-88bf-10bfc0498bc1,suno,cropped,3.7289,3.7057,3.6889,3.5876,3.4504
suno_96cc037f-d8b6-4789-b1f7-7bc5042a7164,suno,cropped,3.1251,3.2541,3.0941,2.9129,2.9525
suno_9a7fd58e-132c-4ac5-9a25-f40d7f6f8c9f,suno,full,3.7101,4.0054,3.8409,3.6199,3.6394
suno_9cd7f8cc-d9e5-4d10-b1a0-3b5fad2418c5,suno,cropped,3.7241,3.801,3.7699,3.6512,3.4778
suno_9fe9a266-6cef-46ca-bbdd-48fa9db7c7ca,suno,full,2.9581,3.2433,2.9636,2.9655,3.0122
suno_a07fbd94-16a5-4c07-bfe2-53cbb7651873,suno,full,3.2265,3.4407,3.2435,2.9807,2.9299
suno_a16c8ece-e811-43ed-8699-23a3fea3a108,suno,full,3.2949,3.6755,3.4038,3.441,3.371
suno_a1cf5295-ef60-497e-b526-8eec16975e8c,suno,full,4.1513,4.4817,4.3209,4.184,4.1401
suno_a6ba0d7e-bc99-4331-a8a3-c0f41138a7c6,suno,full,3.939,4.0671,4.0592,3.9448,3.9374
suno_a6d1f000-e46c-4f22-84d5-0142a91bcf81,suno,full,4.4348,4.6251,4.5773,4.3925,4.2771
suno_a89f9227-0d00-4f51-8e5b-366545549825,suno,full,4.1845,4.3842,4.1932,4.1186,4.0859
suno_afef6b8b-05d1-445e-b9e9-44b6ed684420,suno,full,3.8207,4.1843,4.1522,3.9536,3.8528
suno_aff9db3a-c032-4d21-8501-a6bf095a3401,suno,full,4.0308,4.197,4.0681,4.0044,3.8299
suno_b0fb9dc7-6fd2-4e98-a67d-ca6f2dd523a9,suno,cropped,3.1817,3.715,3.402,3.408,3.2824
suno_b1166bfa-00cb-4be1-bb0d-0eeb6f409d32,suno,full,3.5846,3.7798,3.4059,3.3338,3.2257
suno_b23f3e57-bf94-49ce-90a0-a5af15ac53df,suno,full,2.0571,2.0824,2.0393,1.9878,1.9984
suno_b38585fa-74e7-4a1d-b2db-3487f086cf46,suno,full,3.9853,4.2924,4.185,4.0401,3.614
suno_b3e5cfe2-d1d8-454f-958b-c69c86e1f751,suno,full,3.1301,3.6253,3.5748,3.2722,3.1824
suno_b42be74c-ea65-46f2-a8cf-8e7cc2fd8d13,suno,full,4.7256,4.78,4.8022,4.7156,4.6459
suno_b72eea2e-32a1-4d7e-b5d6-5ddd1e6d11c3,suno,full,4.0519,4.3777,4.2445,4.1708,3.9394
suno_b7d343b2-bf17-4378-bd58-b8c5e2904d2c,suno,cropped,4.2708,4.4967,4.3564,4.2001,4.1609
suno_bdb4c675-dd79-4359-a819-65de4b35d834,suno,full,3.1769,3.7343,3.5205,3.2854,3.1093
suno_be665c0b-38f1-42e7-82c2-b786702ca2da,suno,full,3.7667,4.0156,3.8183,3.7406,3.6797
suno_c0f361e2-19ce-4c41-ab07-a2491e2594b8,suno,cropped,4.4862,4.5994,4.514,4.4068,4.3295
suno_c635c57c-2886-4df8-bcca-1516ad9cee9a,suno,full,4.0446,4.1909,4.0261,3.9863,3.9464
suno_c7f9d400-9d34-422d-95fd-dd1c94d91947,suno,full,4.5229,4.6443,4.636,4.5163,4.386
suno_c802a04e-2422-4718-8801-4748175ad171,suno,full,4.4763,4.6949,4.5842,4.4496,4.2462
suno_cc2b8b85-f8ed-40a4-9689-4d2f5f770682,suno,full,4.4056,4.5233,4.4801,4.4131,4.3399
suno_cfe692a1-a07e-4247-9cc3-114c8a8fac1e,suno,full,4.3683,4.5011,4.3918,4.3296,4.2915
suno_d4991bdd-0218-4b5a-913f-2f2d5e705a73,suno,full,4.314,4.5641,4.4283,4.2357,4.2909
suno_dba1d9a0-5040-4e87-bc9f-bf3f68e8ad3d,suno,full,4.5336,4.6972,4.6378,4.5296,4.4833
suno_dd1f01fc-6748-44ff-a195-71dff8c33f5d,suno,cropped,3.7173,3.8565,3.652,3.6422,3.3469
suno_dda4a854-0af9-455f-8500-12c847d347e0,suno,full,4.1878,4.4413,4.3145,4.2257,3.958
suno_dee935f3-edec-4821-b706-c07a7c34d1fd,suno,cropped,3.5857,3.6986,3.708,3.5595,3.1376
suno_deff818a-219b-4857-8438-f03e625db42d,suno,full,4.3389,4.5088,4.4491,4.332,4.2672
suno_e19acbfb-ad8d-4feb-836f-d6eece629f27,suno,full,4.5055,4.609,4.5653,4.3992,4.2909
suno_e39870ac-dab2-4990-a8a7-0a93032991db,suno,cropped,3.1911,3.6209,3.236,3.3864,3.4375
suno_e7d0cd41-4eba-4ef2-8c2c-72b46b77c7a8,suno,full,4.5217,4.6999,4.6125,4.5223,4.4406
suno_e88a8569-b010-4ea5-9561-4a2b4e9acba5,suno,full,3.9285,4.1876,3.9707,4.0605,3.836
suno_ec05f523-edc2-483d-b1f1-1d927ae825e2,suno,cropped,3.9638,4.0085,4.1128,3.8679,3.5437
suno_ed82665f-00c0-405c-93b2-0479d48b8bb4,suno,full,4.495,4.5724,4.5264,4.5396,4.3508
suno_eefa1a6c-3891-41e4-93c3-29b6f56a05c4,suno,full,3.5968,3.7631,3.575,3.422,3.4622
suno_f04d87c3-6d38-4884-b654-1df3d9affbcb,suno,cropped,3.5235,3.6052,3.3646,3.432,3.344
suno_f401c415-3eda-456c-b552-c45eb85764a0,suno,full,4.1015,4.2971,4.3527,4.0538,4.0627
suno_f5005bf1-3d75-4462-96d3-1a91e84d38fc,suno,cropped,3.5204,3.9395,3.8644,3.6859,3.668
suno_f6190882-7cb8-4328-a561-abedb44e9454,suno,cropped,3.9942,4.1388,3.7034,3.836,3.7087
suno_f783fbab-689e-4f83-bf38-b486e66439f1,suno,full,4.6022,4.7492,4.6407,4.5658,4.4404
suno_f78dedbb-55a2-41e9-84bb-4abe0e4c36f7,suno,full,4.0408,4.3521,4.2275,4.1672,3.9446
suno_f7aad093-50f0-499c-b549-7da8d43e1618,suno,full,4.3172,4.5004,4.4927,4.3095,4.2236
suno_f7f1bbcf-b66c-4cf2-9cca-ba0c98c3cbf3,suno,full,4.4205,4.5169,4.3975,4.3536,4.2446
udio_019b8021-f17e-484f-9958-dfa632108228,udio,full,2.7416,3.3577,2.9861,3.0003,2.8839
udio_056e26de-6dd6-40a9-9c1a-67b143814689,udio,full,3.8181,4.0027,3.8519,3.6267,3.6887
udio_069d64ee-15e8-4475-893a-af714e706003,udio,full,3.1488,3.4965,3.3816,3.1695,3.1434
udio_06ff2580-e14f-4ac9-8fad-84d67721319a,udio,full,3.0895,3.4266,3.2218,3.1181,2.9801
udio_086ed947-af5e-4c9c-a521-ef8708976075,udio,full,3.2028,3.4522,3.2235,2.8962,2.8088
udio_0ee2a5b2-8514-43be-8959-e18f683dd651,udio,cropped,4.2081,4.4928,4.2466,4.1482,4.0304
udio_10478c8c-c163-4756-899e-c17680cba376,udio,full,3.0694,3.5802,3.2607,3.0822,2.9959
udio_18afe5cd-39ec-42dc-a5c9-660cc6b5c5ec,udio,full,4.4992,4.6512,4.5756,4.5143,4.4685
udio_1ce43bf9-76fd-4cb3-8786-47ef08e71fbf,udio,cropped,3.7109,3.906,3.8122,3.9051,3.7666
udio_1ea6ca8d-a9f1-41c9-a095-fd8beb3f0264,udio,full,3.1209,3.3568,3.1759,3.1394,3.0312
udio_1ec2c35b-9343-41c7-9883-1d75a815e8b9,udio,full,3.9254,4.3349,4.1821,3.9958,3.8612
udio_20250599-67b0-47a4-a1f1-ef0438f68b25,udio,cropped,2.7597,2.9225,2.8573,2.7499,2.4754
udio_2105c6b1-0bdf-4cf2-a75f-740377fe9da6,udio,full,1.6267,1.7069,1.7031,1.6532,1.588
udio_229c71e1-b28f-479a-8b80-9b22de4938fe,udio,full,3.3995,3.649,3.365,3.2813,3.2078
udio_23595cb9-a405-4851-9671-5da24f80a180,udio,cropped,3.282,3.4736,3.3513,3.4113,3.0919
udio_26927d64-ff28-413c-9c3b-3be7850fb7f0,udio,full,4.4244,4.5753,4.4737,4.435,4.2737
udio_26cdffc4-2e48-4ea2-81e2-bbe4acf482aa,udio,cropped,3.7616,4.0202,3.8149,3.8008,3.7136
udio_28ac17da-caa3-435c-85c5-eff264f8634f,udio,full,1.7693,1.9393,1.8723,1.8433,1.6708
udio_2909db13-4799-4e4f-a6ef-05fc1d501a5f,udio,cropped,2.8226,3.0313,2.6901,2.6323,2.6194
udio_2bce55d3-de00-4e59-846f-03885bbb3417,udio,full,3.8477,4.023,3.9853,3.8261,3.8023
udio_2ec29c6e-2e06-4e2d-b517-711c8655849e,udio,full,4.1087,4.1678,4.1242,3.8627,3.9024
udio_2f50cbca-c822-4e4f-ac9c-6f90183c6061,udio,cropped,3.3574,3.5929,3.7218,3.4248,3.3281
udio_2fe883f6-1e62-45c6-b166-332cb4082c40,udio,cropped,3.0999,3.3161,3.2524,3.009,2.9768
udio_30979dbe-33d4-417e-8d7b-706a7a6244b0,udio,full,1.7274,1.8148,1.6864,1.6207,1.5502
udio_33614351-c2c4-4609-b13a-77970cd2ba58,udio,full,3.8072,4.0059,3.9288,3.7561,3.7412
udio_35a671e8-379f-4975-ae86-853d820742e8,udio,full,3.6524,3.7493,3.6566,3.6255,3.2975
udio_38d9d8ef-79b9-49f9-8166-24b43bb686b1,udio,full,3.3934,3.7668,3.4788,3.5587,3.3716
udio_3d16a769-6245-4175-950a-5c49c8a63e9e,udio,full,3.9566,4.0878,4.093,3.9496,3.8604
udio_3d4335dd-7cbd-41a3-a001-e1ef6e252e57,udio,full,2.6758,2.9303,2.6062,2.5799,2.7111
udio_427f4100-3278-4d60-89be-0b3b43805981,udio,full,2.9847,3.3578,2.961,2.8959,2.7538
udio_4444a2c0-aa4d-4665-b08e-fca631b0e7fd,udio,full,3.8875,4.1103,4.0445,3.9478,3.8033
udio_4552e798-871f-4e13-b3cb-f234ce0ed23b,udio,cropped,3.404,3.5385,3.5589,3.4564,3.2741
udio_4f0f9c43-1adc-4999-8566-3e8d2d2af653,udio,full,3.3481,3.6654,3.5946,3.4951,3.4368
udio_520bd78a-c5c6-4cbb-9622-1f9fead66a1b,udio,full,3.7081,3.9049,3.9153,3.7487,3.6949
udio_5343ca17-b184-4af4-89bd-f2a91cc434a9,udio,full,3.1022,3.3813,3.1633,3.1345,3.1628
udio_5d39f51f-2439-4471-928f-737736a5f918,udio,full,3.0822,3.3025,3.2557,3.0645,2.9391
udio_5ee31980-dc4c-49ca-b78d-5a55fe7e610e,udio,cropped,2.4823,2.5164,2.2254,2.0379,2.108
udio_60930596-1947-47d0-90fb-fd0d19a5154f,udio,full,2.8823,3.3149,2.9144,2.9411,2.8711
udio_60db38f6-caa5-4296-9494-3fcc5c55da04,udio,full,3.0949,3.6353,3.2461,3.0288,3.0146
udio_612eaea3-2e3f-4a08-8f95-6327b11729ae,udio,cropped,2.7917,2.7556,2.4998,2.5229,2.5637
udio_62d0bc91-4518-4e2a-8fc5-9496a14f8dea,udio,full,3.3965,3.6675,3.5361,3.4011,3.2255
udio_645bac8d-958e-43f8-9d02-8c0de00c9a78,udio,full,4.341,4.3754,4.3376,4.1574,4.0274
udio_64a3538a-da63-43d1-a8b1-1749b4bc63e2,udio,full,3.3953,3.8825,3.4108,3.5282,3.4334
udio_69ed9c00-a50a-4d24-9352-004a12d42094,udio,full,3.7066,3.8649,3.836,3.624,3.5254
udio_6be94cfb-d4a8-477a-9c07-a9949c259236,udio,full,2.6635,2.8813,2.6023,2.6576,2.7174
udio_6e599aff-0394-4ee0-a48e-f85a8f2b79a5,udio,full,2.9481,3.1859,3.0286,3.0004,2.7875
udio_707781aa-5966-4720-b01d-e599914fda21,udio,full,3.8728,4.0511,3.9554,3.9105,3.6816
udio_7363f403-f6bd-479a-9c35-9cc2d75ad088,udio,full,3.3621,3.6817,3.5344,3.3419,3.4204
udio_74d3e5d2-0192-4f30-89f0-760d3d305446,udio,full,4.3326,4.513,4.4972,4.2169,4.2311
udio_755c8c40-5b47-4cd4-a774-e603c6002522,udio,cropped,4.0269,4.0905,4.1036,3.7797,3.8146
udio_76964945-9b5a-4cea-8029-365e76370dea,udio,full,3.3123,3.581,3.38,3.3928,3.5445
udio_79e659e5-05df-4102-a0de-c6f64b966abd,udio,cropped,3.303,3.3347,3.4412,3.2391,3.0706
udio_7b2044f5-af08-421b-8066-ec14dbb8fb8c,udio,cropped,2.9799,3.2386,2.8615,3.0414,3.109
udio_7e0583f7-0889-43b9-aa69-75954c2f6dc9,udio,full,3.8332,3.8917,3.8936,3.708,3.4793
udio_7ea85bef-28f8-437c-9936-c49e7139156d,udio,full,3.6307,3.9451,3.8596,3.5154,3.5202
udio_8133208e-e702-463a-89ef-7da442d0ce4a,udio,cropped,2.962,3.2716,3.0126,2.9286,2.9583
udio_83f4c680-8497-4299-9225-dd44f477b600,udio,cropped,3.6562,3.815,3.7847,3.6567,3.3973
udio_88201e71-aedd-4dc0-8f0b-b1d405fdee20,udio,full,2.6991,2.9562,2.9271,2.7418,2.7017
udio_883d9ecb-a9b1-4256-9fb6-14cf5ce3b675,udio,full,2.9755,3.4772,3.284,3.2466,3.1438
udio_8878eead-39c9-436a-824e-9ca0e4605e07,udio,full,4.2917,4.5749,4.5252,4.2803,4.2597
udio_8e06d246-be4c-456c-9c16-c86d0af5eb85,udio,full,3.6126,3.6902,3.6928,3.5941,3.3315
udio_8e746a81-32e7-475a-8edf-478a3cbfdd80,udio,full,3.8069,3.9607,3.8799,3.6713,3.6689
udio_8ea872ed-3bc7-4387-ba1f-f119ba736194,udio,full,3.0256,3.4197,3.1019,3.0409,3.0346
udio_8ecad45d-e874-497d-9bc4-912ff597708b,udio,full,3.1136,3.3248,3.293,3.0269,2.9965
udio_8ef91bdf-6754-4614-8f47-00dfd6545644,udio,full,3.7184,3.8328,3.6162,3.5772,3.6545
udio_8fb58303-b6c0-45aa-91a2-8abb757c383b,udio,full,3.5903,3.9668,3.7062,3.63,3.6076
udio_9168aa37-eb19-4088-bb46-c8369855503f,udio,cropped,3.3637,3.7285,3.6088,3.4411,3.312
udio_92ef2fd4-3370-4777-8ac7-5c1b3d7f0886,udio,full,2.6476,2.9235,2.7985,2.8592,2.8121
udio_95757cfb-3ec4-4d67-843a-e681a3c75595,udio,full,3.0336,3.5115,3.1553,3.1968,3.127
udio_987fca14-a936-4740-8d48-9a62d4753329,udio,full,2.953,3.1996,2.834,2.7238,2.9649
udio_99db0199-fb76-4ff3-9b29-1a34fe50a2ee,udio,full,3.0013,3.1003,3.0853,2.9174,2.806
udio_9a724c2a-19b1-494d-b818-357eeee5b6fc,udio,cropped,2.7104,2.7698,2.7116,2.6002,2.4264
udio_9d70bb96-a9d0-4e86-b927-f84707d738af,udio,full,3.8101,3.9581,3.8639,3.7408,3.5907
udio_a1cf898c-a648-45f9-8f9f-0a5a1a61d694,udio,cropped,3.4448,3.5805,3.3797,3.3991,3.1421
udio_a2267f64-7aeb-414b-a418-a2f1288c3a12,udio,full,3.3952,3.885,3.6618,3.547,3.4689
udio_a24f789b-007a-4d8e-88f4-d6bb6b490a8c,udio,full,3.4994,3.7531,3.8426,3.5223,3.3883
udio_a2690b7c-fe56-4628-a3b0-570bb6a191c6,udio,full,2.9796,3.2556,3.1167,2.9076,2.812
udio_a2853554-a54f-4e3a-ad38-230d7203d11a,udio,full,3.4324,3.7688,3.5554,3.4685,3.3363
udio_a311f2b0-70a9-4e1c-ba2a-83484426cdd0,udio,full,2.3915,2.7063,2.2544,2.3914,2.2869
udio_a8ae99c2-154b-4e76-8df1-e73f566524dc,udio,full,2.9083,3.1837,2.9581,2.8677,2.7029
udio_aa5070c2-1667-4135-aff7-329c68c304e1,udio,full,3.0778,3.3817,2.9989,2.8236,2.7674
udio_af8891e9-1d76-4d6d-8788-62dba5c72f37,udio,full,3.0124,3.4351,3.2852,2.9224,3.0508
udio_b4565c31-d5e6-499d-afe5-b6d2355b5b13,udio,full,2.5617,3.0139,2.7143,2.7092,2.7936
udio_b5ab1463-e9ba-469e-8e90-1727834f1a25,udio,full,3.5302,3.6522,3.7098,3.473,3.5649
udio_b6627b9f-22dc-44ee-9e85-b6c5c0b5daf6,udio,full,3.1661,3.475,3.0737,2.9813,2.9867
udio_b8ccd031-97ae-40e9-9a98-3fb15b8c6f45,udio,full,3.0808,3.3033,3.1892,3.0925,3.0836
udio_ba5b01d6-4af9-4ddc-a562-e69afd222dc7,udio,full,3.825,4.0947,3.982,3.8357,3.6622
udio_bca65851-f377-4d97-9038-12a7db67d665,udio,full,3.0686,3.499,3.0993,3.0517,3.1891
udio_c3d6c422-e842-41ad-9af3-01b69b9794e5,udio,full,3.1134,3.2518,3.227,2.9456,2.9736
udio_c448e0a6-9856-4acd-8a64-902f71bf8bf4,udio,full,4.0612,4.2909,4.1786,4.0062,3.8668
udio_c47d3735-27c9-47c7-9102-36094671241b,udio,full,3.8105,3.9877,4.0285,3.9376,3.625
udio_c6066a0c-c9ea-4031-89f2-351fa50035e6,udio,full,3.7415,4.0791,3.8348,3.8682,3.7062
udio_c7a68f06-f76c-4bbe-ad53-1de1b51bacea,udio,cropped,2.4485,2.5651,2.2494,2.393,2.222
udio_c9caf443-fe76-4a21-be70-816f55e4db3b,udio,full,3.6702,3.9287,3.693,3.6494,3.5668
udio_cb0385b4-adc0-440d-a244-c7f2fd154ce8,udio,full,3.3085,3.4755,3.2518,3.2276,3.0785
udio_cf7866aa-a771-4b59-80b9-e7d9e8d009dc,udio,full,3.9009,4.2492,3.9968,3.741,3.6929
udio_d34f55b1-a543-44c0-a1e4-4167b984b46d,udio,full,2.846,3.0339,3.0436,2.7729,2.7643
udio_d69e70a3-0da3-40c5-82df-4b35c9abe2ad,udio,cropped,4.1906,4.1851,4.1172,3.9511,3.9583
udio_d7ac83cc-cdc6-41a0-92f5-f15a4990064c,udio,full,3.5352,3.8943,3.701,3.6012,3.6346
udio_d7ade13d-27e8-434a-b7fc-347aad5aa040,udio,cropped,3.6029,3.7226,3.3659,3.3725,2.9681
udio_d8b62f9b-cd9b-44a1-a92a-50b34a15c591,udio,full,4.0103,4.1149,4.0656,3.8771,3.8725
udio_d9443309-2850-4269-a044-dcf2c4131d87,udio,full,3.5046,3.8283,3.6575,3.4522,3.6584
udio_e35092da-9739-40d4-b68a-7aa03bb525a5,udio,cropped,3.9007,4.3291,4.0381,3.9009,3.9251
udio_e510c2bf-1a73-4ae8-bbd8-ce1b6c39aaa5,udio,full,2.7707,3.0078,2.7629,2.9211,2.5897
udio_e5d7404e-c491-4a7b-92d7-1a9188e492fe,udio,full,3.0537,3.4464,3.2197,2.9741,3.0441
udio_e6911b69-d853-4fea-ae5d-4680624543b3,udio,full,2.3622,2.568,2.4071,2.3928,2.2653
udio_e9ed8efc-e5e6-466b-a534-15d2a6a1abf1,udio,full,2.6318,2.8325,2.3576,2.1935,2.1817
udio_ec661023-e74f-4c5a-bf61-cb1979df33db,udio,full,2.7526,2.8127,2.6771,2.765,2.5834
udio_ed21da97-b3b6-4409-a5a9-685428bd574f,udio,full,4.2023,4.4277,4.4397,4.1936,4.1138
udio_f3ada5b7-efeb-4772-a0d9-cef40432a8e4,udio,cropped,2.68,2.7677,2.818,2.5285,2.5468
udio_f490da7d-fd1c-4a24-b2a9-678562985cfb,udio,full,2.2729,2.3722,2.3514,2.3057,2.1447
udio_f8225e85-e6ab-4ed2-acc6-57832d5586fd,udio,full,4.4307,4.601,4.4466,4.4129,4.3627
udio_fd7d9d5a-aeea-420a-8faf-21fab5954a43,udio,full,3.141,3.5592,3.4594,3.1039,3.1438
